levels_file,level_name,level_index,run_id,iteration,seed,run_seed,algorithm,algorithm_label,heuristic,category,solver_label,deadlock_policy,allow_deadlocks,time_seconds,cost,nodes_expanded,frontier_count,result,stale_skipped,reopened_states,heuristic_cache_hits
/Users/tomaspinausig/code/SIA-TP1/levels/advanced_benchmark_levels.txt,Nivel 1 - Puentes de dos cajas,1,1,1,50,50,dfs,DFS,none,non_optimal,DFS (prune),prune,False,0.08259200000065903,189,455,101,Success,0,0,0
/Users/tomaspinausig/code/SIA-TP1/levels/advanced_benchmark_levels.txt,Nivel 1 - Puentes de dos cajas,1,2,2,50,51,dfs,DFS,none,non_optimal,DFS (prune),prune,False,0.028833874999691034,189,455,101,Success,0,0,0
/Users/tomaspinausig/code/SIA-TP1/levels/advanced_benchmark_levels.txt,Nivel 1 - Puentes de dos cajas,1,3,3,50,52,dfs,DFS,none,non_optimal,DFS (prune),prune,False,0.12072366699976556,189,455,101,Success,0,0,0
/Users/tomaspinausig/code/SIA-TP1/levels/advanced_benchmark_levels.txt,Nivel 1 - Puentes de dos cajas,1,4,4,50,53,dfs,DFS,none,non_optimal,DFS (prune),prune,False,0.020220541999151465,189,455,101,Success,0,0,0
/Users/tomaspinausig/code/SIA-TP1/levels/advanced_benchmark_levels.txt,Nivel 1 - Puentes de dos cajas,1,5,5,50,54,dfs,DFS,none,non_optimal,DFS (prune),prune,False,0.024918584000261035,189,455,101,Success,0,0,0
/Users/tomaspinausig/code/SIA-TP1/levels/advanced_benchmark_levels.txt,Nivel 1 - Puentes de dos cajas,1,6,6,50,55,dfs,DFS,none,non_optimal,DFS (prune),prune,False,0.03433450000011362,189,455,101,Success,0,0,0
/Users/tomaspinausig/code/SIA-TP1/levels/advanced_benchmark_levels.txt,Nivel 1 - Puentes de dos cajas,1,7,7,50,56,dfs,DFS,none,non_optimal,DFS (prune),prune,False,0.012625957999262027,189,455,101,Success,0,0,0
/Users/tomaspinausig/code/SIA-TP1/levels/advanced_benchmark_levels.txt,Nivel 1 - Puentes de dos cajas,1,8,8,50,57,dfs,DFS,none,non_optimal,DFS (prune),prune,False,0.016725334000511793,189,455,101,Success,0,0,0
/Users/tomaspinausig/code/SIA-TP1/levels/advanced_benchmark_levels.txt,Nivel 1 - Puentes de dos cajas,1,9,9,50,58,dfs,DFS,none,non_optimal,DFS (prune),prune,False,0.01460587499968824,189,455,101,Success,0,0,0
/Users/tomaspinausig/code/SIA-TP1/levels/advanced_benchmark_levels.txt,Nivel 1 - Puentes de dos cajas,1,10,10,50,59,dfs,DFS,none,non_optimal,DFS (prune),prune,False,0.006349458999466151,189,455,101,Success,0,0,0
/Users/tomaspinausig/code/SIA-TP1/levels/advanced_benchmark_levels.txt,Nivel 1 - Puentes de dos cajas,1,11,1,50,60,greedy,Greedy,static_deadlock,non_optimal,"Greedy (static_deadlock, allow)",allow,True,0.07235970800138602,29,1204,128,Success,0,0,384
/Users/tomaspinausig/code/SIA-TP1/levels/advanced_benchmark_levels.txt,Nivel 1 - Puentes de dos cajas,1,12,2,50,61,greedy,Greedy,static_deadlock,non_optimal,"Greedy (static_deadlock, allow)",allow,True,0.05357050000020536,29,1204,128,Success,0,0,384
/Users/tomaspinausig/code/SIA-TP1/levels/advanced_benchmark_levels.txt,Nivel 1 - Puentes de dos cajas,1,13,3,50,62,greedy,Greedy,static_deadlock,non_optimal,"Greedy (static_deadlock, allow)",allow,True,0.050514832999397186,29,1204,128,Success,0,0,384
/Users/tomaspinausig/code/SIA-TP1/levels/advanced_benchmark_levels.txt,Nivel 1 - Puentes de dos cajas,1,14,4,50,63,greedy,Greedy,static_deadlock,non_optimal,"Greedy (static_deadlock, allow)",allow,True,0.06152254199878371,29,1204,128,Success,0,0,384
/Users/tomaspinausig/code/SIA-TP1/levels/advanced_benchmark_levels.txt,Nivel 1 - Puentes de dos cajas,1,15,5,50,64,greedy,Greedy,static_deadlock,non_optimal,"Greedy (static_deadlock, allow)",allow,True,0.05639112499920884,29,1204,128,Success,0,0,384
/Users/tomaspinausig/code/SIA-TP1/levels/advanced_benchmark_levels.txt,Nivel 1 - Puentes de dos cajas,1,16,6,50,65,greedy,Greedy,static_deadlock,non_optimal,"Greedy (static_deadlock, allow)",allow,True,0.048445083000842715,29,1204,128,Success,0,0,384
/Users/tomaspinausig/code/SIA-TP1/levels/advanced_benchmark_levels.txt,Nivel 1 - Puentes de dos cajas,1,17,7,50,66,greedy,Greedy,static_deadlock,non_optimal,"Greedy (static_deadlock, allow)",allow,True,0.05530912500034901,29,1204,128,Success,0,0,384
/Users/tomaspinausig/code/SIA-TP1/levels/advanced_benchmark_levels.txt,Nivel 1 - Puentes de dos cajas,1,18,8,50,67,greedy,Greedy,static_deadlock,non_optimal,"Greedy (static_deadlock, allow)",allow,True,0.06456908300060604,29,1204,128,Success,0,0,384
/Users/tomaspinausig/code/SIA-TP1/levels/advanced_benchmark_levels.txt,Nivel 1 - Puentes de dos cajas,1,19,9,50,68,greedy,Greedy,static_deadlock,non_optimal,"Greedy (static_deadlock, allow)",allow,True,0.04225774999940768,29,1204,128,Success,0,0,384
/Users/tomaspinausig/code/SIA-TP1/levels/advanced_benchmark_levels.txt,Nivel 1 - Puentes de dos cajas,1,20,10,50,69,greedy,Greedy,static_deadlock,non_optimal,"Greedy (static_deadlock, allow)",allow,True,0.05593691699868941,29,1204,128,Success,0,0,384
/Users/tomaspinausig/code/SIA-TP1/levels/advanced_benchmark_levels.txt,Nivel 1 - Puentes de dos cajas,1,21,1,50,70,greedy,Greedy,min_matching,non_optimal,"Greedy (min_matching, allow)",allow,True,0.005308083000272745,43,139,28,Success,0,0,41
/Users/tomaspinausig/code/SIA-TP1/levels/advanced_benchmark_levels.txt,Nivel 1 - Puentes de dos cajas,1,22,2,50,71,greedy,Greedy,min_matching,non_optimal,"Greedy (min_matching, allow)",allow,True,0.004955791999236681,43,139,28,Success,0,0,41
/Users/tomaspinausig/code/SIA-TP1/levels/advanced_benchmark_levels.txt,Nivel 1 - Puentes de dos cajas,1,23,3,50,72,greedy,Greedy,min_matching,non_optimal,"Greedy (min_matching, allow)",allow,True,0.007004708000749815,43,139,28,Success,0,0,41
/Users/tomaspinausig/code/SIA-TP1/levels/advanced_benchmark_levels.txt,Nivel 1 - Puentes de dos cajas,1,24,4,50,73,greedy,Greedy,min_matching,non_optimal,"Greedy (min_matching, allow)",allow,True,0.007496457999877748,43,139,28,Success,0,0,41
/Users/tomaspinausig/code/SIA-TP1/levels/advanced_benchmark_levels.txt,Nivel 1 - Puentes de dos cajas,1,25,5,50,74,greedy,Greedy,min_matching,non_optimal,"Greedy (min_matching, allow)",allow,True,0.0055959589990379754,43,139,28,Success,0,0,41
/Users/tomaspinausig/code/SIA-TP1/levels/advanced_benchmark_levels.txt,Nivel 1 - Puentes de dos cajas,1,26,6,50,75,greedy,Greedy,min_matching,non_optimal,"Greedy (min_matching, allow)",allow,True,0.004828666998946574,43,139,28,Success,0,0,41
/Users/tomaspinausig/code/SIA-TP1/levels/advanced_benchmark_levels.txt,Nivel 1 - Puentes de dos cajas,1,27,7,50,76,greedy,Greedy,min_matching,non_optimal,"Greedy (min_matching, allow)",allow,True,0.0056414580012642546,43,139,28,Success,0,0,41
/Users/tomaspinausig/code/SIA-TP1/levels/advanced_benchmark_levels.txt,Nivel 1 - Puentes de dos cajas,1,28,8,50,77,greedy,Greedy,min_matching,non_optimal,"Greedy (min_matching, allow)",allow,True,0.004069749998961925,43,139,28,Success,0,0,41
/Users/tomaspinausig/code/SIA-TP1/levels/advanced_benchmark_levels.txt,Nivel 1 - Puentes de dos cajas,1,29,9,50,78,greedy,Greedy,min_matching,non_optimal,"Greedy (min_matching, allow)",allow,True,0.0057017499984794995,43,139,28,Success,0,0,41
/Users/tomaspinausig/code/SIA-TP1/levels/advanced_benchmark_levels.txt,Nivel 1 - Puentes de dos cajas,1,30,10,50,79,greedy,Greedy,min_matching,non_optimal,"Greedy (min_matching, allow)",allow,True,0.00671633299862151,43,139,28,Success,0,0,41
/Users/tomaspinausig/code/SIA-TP1/levels/advanced_benchmark_levels.txt,Nivel 1 - Puentes de dos cajas,1,31,1,50,80,greedy,Greedy,combined,non_optimal,"Greedy (combined, allow)",allow,True,0.00745370799995726,43,139,26,Success,0,0,41
/Users/tomaspinausig/code/SIA-TP1/levels/advanced_benchmark_levels.txt,Nivel 1 - Puentes de dos cajas,1,32,2,50,81,greedy,Greedy,combined,non_optimal,"Greedy (combined, allow)",allow,True,0.008410042000832618,43,139,26,Success,0,0,41
/Users/tomaspinausig/code/SIA-TP1/levels/advanced_benchmark_levels.txt,Nivel 1 - Puentes de dos cajas,1,33,3,50,82,greedy,Greedy,combined,non_optimal,"Greedy (combined, allow)",allow,True,0.008079999999608845,43,139,26,Success,0,0,41
/Users/tomaspinausig/code/SIA-TP1/levels/advanced_benchmark_levels.txt,Nivel 1 - Puentes de dos cajas,1,34,4,50,83,greedy,Greedy,combined,non_optimal,"Greedy (combined, allow)",allow,True,0.014191833999575465,43,139,26,Success,0,0,41
/Users/tomaspinausig/code/SIA-TP1/levels/advanced_benchmark_levels.txt,Nivel 1 - Puentes de dos cajas,1,35,5,50,84,greedy,Greedy,combined,non_optimal,"Greedy (combined, allow)",allow,True,0.006127374999778112,43,139,26,Success,0,0,41
/Users/tomaspinausig/code/SIA-TP1/levels/advanced_benchmark_levels.txt,Nivel 1 - Puentes de dos cajas,1,36,6,50,85,greedy,Greedy,combined,non_optimal,"Greedy (combined, allow)",allow,True,0.008029500000702683,43,139,26,Success,0,0,41
/Users/tomaspinausig/code/SIA-TP1/levels/advanced_benchmark_levels.txt,Nivel 1 - Puentes de dos cajas,1,37,7,50,86,greedy,Greedy,combined,non_optimal,"Greedy (combined, allow)",allow,True,0.009400959001141018,43,139,26,Success,0,0,41
/Users/tomaspinausig/code/SIA-TP1/levels/advanced_benchmark_levels.txt,Nivel 1 - Puentes de dos cajas,1,38,8,50,87,greedy,Greedy,combined,non_optimal,"Greedy (combined, allow)",allow,True,0.008940291998442262,43,139,26,Success,0,0,41
/Users/tomaspinausig/code/SIA-TP1/levels/advanced_benchmark_levels.txt,Nivel 1 - Puentes de dos cajas,1,39,9,50,88,greedy,Greedy,combined,non_optimal,"Greedy (combined, allow)",allow,True,0.006238207999558654,43,139,26,Success,0,0,41
/Users/tomaspinausig/code/SIA-TP1/levels/advanced_benchmark_levels.txt,Nivel 1 - Puentes de dos cajas,1,40,10,50,89,greedy,Greedy,combined,non_optimal,"Greedy (combined, allow)",allow,True,0.00591595800142386,43,139,26,Success,0,0,41
/Users/tomaspinausig/code/SIA-TP1/levels/advanced_benchmark_levels.txt,Nivel 2 - Galeria central,2,41,1,50,90,dfs,DFS,none,non_optimal,DFS (prune),prune,False,0.5238167499992414,7134,19826,5558,Success,0,0,0
/Users/tomaspinausig/code/SIA-TP1/levels/advanced_benchmark_levels.txt,Nivel 2 - Galeria central,2,42,2,50,91,dfs,DFS,none,non_optimal,DFS (prune),prune,False,0.667659624999942,7134,19826,5558,Success,0,0,0
/Users/tomaspinausig/code/SIA-TP1/levels/advanced_benchmark_levels.txt,Nivel 2 - Galeria central,2,43,3,50,92,dfs,DFS,none,non_optimal,DFS (prune),prune,False,0.5832074580011977,7134,19826,5558,Success,0,0,0
/Users/tomaspinausig/code/SIA-TP1/levels/advanced_benchmark_levels.txt,Nivel 2 - Galeria central,2,44,4,50,93,dfs,DFS,none,non_optimal,DFS (prune),prune,False,0.3573761250008829,7134,19826,5558,Success,0,0,0
/Users/tomaspinausig/code/SIA-TP1/levels/advanced_benchmark_levels.txt,Nivel 2 - Galeria central,2,45,5,50,94,dfs,DFS,none,non_optimal,DFS (prune),prune,False,0.40534337499957473,7134,19826,5558,Success,0,0,0
/Users/tomaspinausig/code/SIA-TP1/levels/advanced_benchmark_levels.txt,Nivel 2 - Galeria central,2,46,6,50,95,dfs,DFS,none,non_optimal,DFS (prune),prune,False,0.4086543329995038,7134,19826,5558,Success,0,0,0
/Users/tomaspinausig/code/SIA-TP1/levels/advanced_benchmark_levels.txt,Nivel 2 - Galeria central,2,47,7,50,96,dfs,DFS,none,non_optimal,DFS (prune),prune,False,0.35843233299965505,7134,19826,5558,Success,0,0,0
/Users/tomaspinausig/code/SIA-TP1/levels/advanced_benchmark_levels.txt,Nivel 2 - Galeria central,2,48,8,50,97,dfs,DFS,none,non_optimal,DFS (prune),prune,False,0.40436104199943657,7134,19826,5558,Success,0,0,0
/Users/tomaspinausig/code/SIA-TP1/levels/advanced_benchmark_levels.txt,Nivel 2 - Galeria central,2,49,9,50,98,dfs,DFS,none,non_optimal,DFS (prune),prune,False,0.4409555829988676,7134,19826,5558,Success,0,0,0
/Users/tomaspinausig/code/SIA-TP1/levels/advanced_benchmark_levels.txt,Nivel 2 - Galeria central,2,50,10,50,99,dfs,DFS,none,non_optimal,DFS (prune),prune,False,0.5726162910013954,7134,19826,5558,Success,0,0,0
/Users/tomaspinausig/code/SIA-TP1/levels/advanced_benchmark_levels.txt,Nivel 2 - Galeria central,2,51,1,50,100,greedy,Greedy,static_deadlock,non_optimal,"Greedy (static_deadlock, allow)",allow,True,0.4747774159986875,20,9538,4220,Success,0,0,4680
/Users/tomaspinausig/code/SIA-TP1/levels/advanced_benchmark_levels.txt,Nivel 2 - Galeria central,2,52,2,50,101,greedy,Greedy,static_deadlock,non_optimal,"Greedy (static_deadlock, allow)",allow,True,0.6300534580004751,20,9538,4220,Success,0,0,4680
/Users/tomaspinausig/code/SIA-TP1/levels/advanced_benchmark_levels.txt,Nivel 2 - Galeria central,2,53,3,50,102,greedy,Greedy,static_deadlock,non_optimal,"Greedy (static_deadlock, allow)",allow,True,0.8384824160002609,20,9538,4220,Success,0,0,4680
/Users/tomaspinausig/code/SIA-TP1/levels/advanced_benchmark_levels.txt,Nivel 2 - Galeria central,2,54,4,50,103,greedy,Greedy,static_deadlock,non_optimal,"Greedy (static_deadlock, allow)",allow,True,0.9266754999989644,20,9538,4220,Success,0,0,4680
/Users/tomaspinausig/code/SIA-TP1/levels/advanced_benchmark_levels.txt,Nivel 2 - Galeria central,2,55,5,50,104,greedy,Greedy,static_deadlock,non_optimal,"Greedy (static_deadlock, allow)",allow,True,0.5436788329989213,20,9538,4220,Success,0,0,4680
/Users/tomaspinausig/code/SIA-TP1/levels/advanced_benchmark_levels.txt,Nivel 2 - Galeria central,2,56,6,50,105,greedy,Greedy,static_deadlock,non_optimal,"Greedy (static_deadlock, allow)",allow,True,0.5105002500004048,20,9538,4220,Success,0,0,4680
/Users/tomaspinausig/code/SIA-TP1/levels/advanced_benchmark_levels.txt,Nivel 2 - Galeria central,2,57,7,50,106,greedy,Greedy,static_deadlock,non_optimal,"Greedy (static_deadlock, allow)",allow,True,0.7751520830006484,20,9538,4220,Success,0,0,4680
/Users/tomaspinausig/code/SIA-TP1/levels/advanced_benchmark_levels.txt,Nivel 2 - Galeria central,2,58,8,50,107,greedy,Greedy,static_deadlock,non_optimal,"Greedy (static_deadlock, allow)",allow,True,0.70360358400103,20,9538,4220,Success,0,0,4680
/Users/tomaspinausig/code/SIA-TP1/levels/advanced_benchmark_levels.txt,Nivel 2 - Galeria central,2,59,9,50,108,greedy,Greedy,static_deadlock,non_optimal,"Greedy (static_deadlock, allow)",allow,True,0.5562652499993419,20,9538,4220,Success,0,0,4680
/Users/tomaspinausig/code/SIA-TP1/levels/advanced_benchmark_levels.txt,Nivel 2 - Galeria central,2,60,10,50,109,greedy,Greedy,static_deadlock,non_optimal,"Greedy (static_deadlock, allow)",allow,True,0.6418588329997874,20,9538,4220,Success,0,0,4680
/Users/tomaspinausig/code/SIA-TP1/levels/advanced_benchmark_levels.txt,Nivel 2 - Galeria central,2,61,1,50,110,greedy,Greedy,min_matching,non_optimal,"Greedy (min_matching, allow)",allow,True,0.0067191250000178115,25,67,47,Success,0,0,27
/Users/tomaspinausig/code/SIA-TP1/levels/advanced_benchmark_levels.txt,Nivel 2 - Galeria central,2,62,2,50,111,greedy,Greedy,min_matching,non_optimal,"Greedy (min_matching, allow)",allow,True,0.0053783329985890305,25,67,47,Success,0,0,27
/Users/tomaspinausig/code/SIA-TP1/levels/advanced_benchmark_levels.txt,Nivel 2 - Galeria central,2,63,3,50,112,greedy,Greedy,min_matching,non_optimal,"Greedy (min_matching, allow)",allow,True,0.005153166999662062,25,67,47,Success,0,0,27
/Users/tomaspinausig/code/SIA-TP1/levels/advanced_benchmark_levels.txt,Nivel 2 - Galeria central,2,64,4,50,113,greedy,Greedy,min_matching,non_optimal,"Greedy (min_matching, allow)",allow,True,0.004752750000989181,25,67,47,Success,0,0,27
/Users/tomaspinausig/code/SIA-TP1/levels/advanced_benchmark_levels.txt,Nivel 2 - Galeria central,2,65,5,50,114,greedy,Greedy,min_matching,non_optimal,"Greedy (min_matching, allow)",allow,True,0.0036685840004793135,25,67,47,Success,0,0,27
/Users/tomaspinausig/code/SIA-TP1/levels/advanced_benchmark_levels.txt,Nivel 2 - Galeria central,2,66,6,50,115,greedy,Greedy,min_matching,non_optimal,"Greedy (min_matching, allow)",allow,True,0.007595957999001257,25,67,47,Success,0,0,27
/Users/tomaspinausig/code/SIA-TP1/levels/advanced_benchmark_levels.txt,Nivel 2 - Galeria central,2,67,7,50,116,greedy,Greedy,min_matching,non_optimal,"Greedy (min_matching, allow)",allow,True,0.01633837500048685,25,67,47,Success,0,0,27
/Users/tomaspinausig/code/SIA-TP1/levels/advanced_benchmark_levels.txt,Nivel 2 - Galeria central,2,68,8,50,117,greedy,Greedy,min_matching,non_optimal,"Greedy (min_matching, allow)",allow,True,0.009975458999178954,25,67,47,Success,0,0,27
/Users/tomaspinausig/code/SIA-TP1/levels/advanced_benchmark_levels.txt,Nivel 2 - Galeria central,2,69,9,50,118,greedy,Greedy,min_matching,non_optimal,"Greedy (min_matching, allow)",allow,True,0.004308207999201841,25,67,47,Success,0,0,27
/Users/tomaspinausig/code/SIA-TP1/levels/advanced_benchmark_levels.txt,Nivel 2 - Galeria central,2,70,10,50,119,greedy,Greedy,min_matching,non_optimal,"Greedy (min_matching, allow)",allow,True,0.013726167000640999,25,67,47,Success,0,0,27
/Users/tomaspinausig/code/SIA-TP1/levels/advanced_benchmark_levels.txt,Nivel 2 - Galeria central,2,71,1,50,120,greedy,Greedy,combined,non_optimal,"Greedy (combined, allow)",allow,True,0.009372750000693486,25,67,43,Success,0,0,27
/Users/tomaspinausig/code/SIA-TP1/levels/advanced_benchmark_levels.txt,Nivel 2 - Galeria central,2,72,2,50,121,greedy,Greedy,combined,non_optimal,"Greedy (combined, allow)",allow,True,0.009469000000535743,25,67,43,Success,0,0,27
/Users/tomaspinausig/code/SIA-TP1/levels/advanced_benchmark_levels.txt,Nivel 2 - Galeria central,2,73,3,50,122,greedy,Greedy,combined,non_optimal,"Greedy (combined, allow)",allow,True,0.010763457999928505,25,67,43,Success,0,0,27
/Users/tomaspinausig/code/SIA-TP1/levels/advanced_benchmark_levels.txt,Nivel 2 - Galeria central,2,74,4,50,123,greedy,Greedy,combined,non_optimal,"Greedy (combined, allow)",allow,True,0.013092416000290541,25,67,43,Success,0,0,27
/Users/tomaspinausig/code/SIA-TP1/levels/advanced_benchmark_levels.txt,Nivel 2 - Galeria central,2,75,5,50,124,greedy,Greedy,combined,non_optimal,"Greedy (combined, allow)",allow,True,0.012049709001075826,25,67,43,Success,0,0,27
/Users/tomaspinausig/code/SIA-TP1/levels/advanced_benchmark_levels.txt,Nivel 2 - Galeria central,2,76,6,50,125,greedy,Greedy,combined,non_optimal,"Greedy (combined, allow)",allow,True,0.010739332999946782,25,67,43,Success,0,0,27
/Users/tomaspinausig/code/SIA-TP1/levels/advanced_benchmark_levels.txt,Nivel 2 - Galeria central,2,77,7,50,126,greedy,Greedy,combined,non_optimal,"Greedy (combined, allow)",allow,True,0.012752790999002173,25,67,43,Success,0,0,27
/Users/tomaspinausig/code/SIA-TP1/levels/advanced_benchmark_levels.txt,Nivel 2 - Galeria central,2,78,8,50,127,greedy,Greedy,combined,non_optimal,"Greedy (combined, allow)",allow,True,0.01668312500078173,25,67,43,Success,0,0,27
/Users/tomaspinausig/code/SIA-TP1/levels/advanced_benchmark_levels.txt,Nivel 2 - Galeria central,2,79,9,50,128,greedy,Greedy,combined,non_optimal,"Greedy (combined, allow)",allow,True,0.007602042000144138,25,67,43,Success,0,0,27
/Users/tomaspinausig/code/SIA-TP1/levels/advanced_benchmark_levels.txt,Nivel 2 - Galeria central,2,80,10,50,129,greedy,Greedy,combined,non_optimal,"Greedy (combined, allow)",allow,True,0.012233917001140071,25,67,43,Success,0,0,27
/Users/tomaspinausig/code/SIA-TP1/levels/advanced_benchmark_levels.txt,Nivel 3 - Triangulo abierto,3,81,1,50,130,dfs,DFS,none,non_optimal,DFS (prune),prune,False,0.30952745899958245,1646,6105,1512,Success,0,0,0
/Users/tomaspinausig/code/SIA-TP1/levels/advanced_benchmark_levels.txt,Nivel 3 - Triangulo abierto,3,82,2,50,131,dfs,DFS,none,non_optimal,DFS (prune),prune,False,0.30620174999967276,1646,6105,1512,Success,0,0,0
/Users/tomaspinausig/code/SIA-TP1/levels/advanced_benchmark_levels.txt,Nivel 3 - Triangulo abierto,3,83,3,50,132,dfs,DFS,none,non_optimal,DFS (prune),prune,False,0.31003795899960096,1646,6105,1512,Success,0,0,0
/Users/tomaspinausig/code/SIA-TP1/levels/advanced_benchmark_levels.txt,Nivel 3 - Triangulo abierto,3,84,4,50,133,dfs,DFS,none,non_optimal,DFS (prune),prune,False,0.45547416699992027,1646,6105,1512,Success,0,0,0
/Users/tomaspinausig/code/SIA-TP1/levels/advanced_benchmark_levels.txt,Nivel 3 - Triangulo abierto,3,85,5,50,134,dfs,DFS,none,non_optimal,DFS (prune),prune,False,0.6146918750000623,1646,6105,1512,Success,0,0,0
/Users/tomaspinausig/code/SIA-TP1/levels/advanced_benchmark_levels.txt,Nivel 3 - Triangulo abierto,3,86,6,50,135,dfs,DFS,none,non_optimal,DFS (prune),prune,False,0.551716125000894,1646,6105,1512,Success,0,0,0
/Users/tomaspinausig/code/SIA-TP1/levels/advanced_benchmark_levels.txt,Nivel 3 - Triangulo abierto,3,87,7,50,136,dfs,DFS,none,non_optimal,DFS (prune),prune,False,0.5788135000002512,1646,6105,1512,Success,0,0,0
/Users/tomaspinausig/code/SIA-TP1/levels/advanced_benchmark_levels.txt,Nivel 3 - Triangulo abierto,3,88,8,50,137,dfs,DFS,none,non_optimal,DFS (prune),prune,False,0.488415542000439,1646,6105,1512,Success,0,0,0
/Users/tomaspinausig/code/SIA-TP1/levels/advanced_benchmark_levels.txt,Nivel 3 - Triangulo abierto,3,89,9,50,138,dfs,DFS,none,non_optimal,DFS (prune),prune,False,0.39227908400062006,1646,6105,1512,Success,0,0,0
/Users/tomaspinausig/code/SIA-TP1/levels/advanced_benchmark_levels.txt,Nivel 3 - Triangulo abierto,3,90,10,50,139,dfs,DFS,none,non_optimal,DFS (prune),prune,False,0.6119776669984276,1646,6105,1512,Success,0,0,0
/Users/tomaspinausig/code/SIA-TP1/levels/advanced_benchmark_levels.txt,Nivel 3 - Triangulo abierto,3,91,1,50,140,greedy,Greedy,static_deadlock,non_optimal,"Greedy (static_deadlock, allow)",allow,True,4.036200999998982,19,20176,7926,Success,0,0,11157
/Users/tomaspinausig/code/SIA-TP1/levels/advanced_benchmark_levels.txt,Nivel 3 - Triangulo abierto,3,92,2,50,141,greedy,Greedy,static_deadlock,non_optimal,"Greedy (static_deadlock, allow)",allow,True,3.502294500000062,19,20176,7926,Success,0,0,11157
/Users/tomaspinausig/code/SIA-TP1/levels/advanced_benchmark_levels.txt,Nivel 3 - Triangulo abierto,3,93,3,50,142,greedy,Greedy,static_deadlock,non_optimal,"Greedy (static_deadlock, allow)",allow,True,1.8627145840000594,19,20176,7926,Success,0,0,11157
/Users/tomaspinausig/code/SIA-TP1/levels/advanced_benchmark_levels.txt,Nivel 3 - Triangulo abierto,3,94,4,50,143,greedy,Greedy,static_deadlock,non_optimal,"Greedy (static_deadlock, allow)",allow,True,1.8461466250009835,19,20176,7926,Success,0,0,11157
/Users/tomaspinausig/code/SIA-TP1/levels/advanced_benchmark_levels.txt,Nivel 3 - Triangulo abierto,3,95,5,50,144,greedy,Greedy,static_deadlock,non_optimal,"Greedy (static_deadlock, allow)",allow,True,2.202185832999021,19,20176,7926,Success,0,0,11157
/Users/tomaspinausig/code/SIA-TP1/levels/advanced_benchmark_levels.txt,Nivel 3 - Triangulo abierto,3,96,6,50,145,greedy,Greedy,static_deadlock,non_optimal,"Greedy (static_deadlock, allow)",allow,True,1.8297523749988613,19,20176,7926,Success,0,0,11157
/Users/tomaspinausig/code/SIA-TP1/levels/advanced_benchmark_levels.txt,Nivel 3 - Triangulo abierto,3,97,7,50,146,greedy,Greedy,static_deadlock,non_optimal,"Greedy (static_deadlock, allow)",allow,True,5.983030958001109,19,20176,7926,Success,0,0,11157
/Users/tomaspinausig/code/SIA-TP1/levels/advanced_benchmark_levels.txt,Nivel 3 - Triangulo abierto,3,98,8,50,147,greedy,Greedy,static_deadlock,non_optimal,"Greedy (static_deadlock, allow)",allow,True,4.020820457999434,19,20176,7926,Success,0,0,11157
/Users/tomaspinausig/code/SIA-TP1/levels/advanced_benchmark_levels.txt,Nivel 3 - Triangulo abierto,3,99,9,50,148,greedy,Greedy,static_deadlock,non_optimal,"Greedy (static_deadlock, allow)",allow,True,2.6645321249998233,19,20176,7926,Success,0,0,11157
/Users/tomaspinausig/code/SIA-TP1/levels/advanced_benchmark_levels.txt,Nivel 3 - Triangulo abierto,3,100,10,50,149,greedy,Greedy,static_deadlock,non_optimal,"Greedy (static_deadlock, allow)",allow,True,4.020058124999196,19,20176,7926,Success,0,0,11157
/Users/tomaspinausig/code/SIA-TP1/levels/advanced_benchmark_levels.txt,Nivel 3 - Triangulo abierto,3,101,1,50,150,greedy,Greedy,min_matching,non_optimal,"Greedy (min_matching, allow)",allow,True,0.00354529200012621,21,49,44,Success,0,0,16
/Users/tomaspinausig/code/SIA-TP1/levels/advanced_benchmark_levels.txt,Nivel 3 - Triangulo abierto,3,102,2,50,151,greedy,Greedy,min_matching,non_optimal,"Greedy (min_matching, allow)",allow,True,0.0033820830012700753,21,49,44,Success,0,0,16
/Users/tomaspinausig/code/SIA-TP1/levels/advanced_benchmark_levels.txt,Nivel 3 - Triangulo abierto,3,103,3,50,152,greedy,Greedy,min_matching,non_optimal,"Greedy (min_matching, allow)",allow,True,0.0055793329993321095,21,49,44,Success,0,0,16
/Users/tomaspinausig/code/SIA-TP1/levels/advanced_benchmark_levels.txt,Nivel 3 - Triangulo abierto,3,104,4,50,153,greedy,Greedy,min_matching,non_optimal,"Greedy (min_matching, allow)",allow,True,0.005494708000696846,21,49,44,Success,0,0,16
/Users/tomaspinausig/code/SIA-TP1/levels/advanced_benchmark_levels.txt,Nivel 3 - Triangulo abierto,3,105,5,50,154,greedy,Greedy,min_matching,non_optimal,"Greedy (min_matching, allow)",allow,True,0.0038160830008564517,21,49,44,Success,0,0,16
/Users/tomaspinausig/code/SIA-TP1/levels/advanced_benchmark_levels.txt,Nivel 3 - Triangulo abierto,3,106,6,50,155,greedy,Greedy,min_matching,non_optimal,"Greedy (min_matching, allow)",allow,True,0.005053250000855769,21,49,44,Success,0,0,16
/Users/tomaspinausig/code/SIA-TP1/levels/advanced_benchmark_levels.txt,Nivel 3 - Triangulo abierto,3,107,7,50,156,greedy,Greedy,min_matching,non_optimal,"Greedy (min_matching, allow)",allow,True,0.0037014999998064013,21,49,44,Success,0,0,16
/Users/tomaspinausig/code/SIA-TP1/levels/advanced_benchmark_levels.txt,Nivel 3 - Triangulo abierto,3,108,8,50,157,greedy,Greedy,min_matching,non_optimal,"Greedy (min_matching, allow)",allow,True,0.0026315420000173617,21,49,44,Success,0,0,16
/Users/tomaspinausig/code/SIA-TP1/levels/advanced_benchmark_levels.txt,Nivel 3 - Triangulo abierto,3,109,9,50,158,greedy,Greedy,min_matching,non_optimal,"Greedy (min_matching, allow)",allow,True,0.003662667000753572,21,49,44,Success,0,0,16
/Users/tomaspinausig/code/SIA-TP1/levels/advanced_benchmark_levels.txt,Nivel 3 - Triangulo abierto,3,110,10,50,159,greedy,Greedy,min_matching,non_optimal,"Greedy (min_matching, allow)",allow,True,0.005368541000279947,21,49,44,Success,0,0,16
/Users/tomaspinausig/code/SIA-TP1/levels/advanced_benchmark_levels.txt,Nivel 3 - Triangulo abierto,3,111,1,50,160,greedy,Greedy,combined,non_optimal,"Greedy (combined, allow)",allow,True,0.022903834000317147,21,49,39,Success,0,0,16
/Users/tomaspinausig/code/SIA-TP1/levels/advanced_benchmark_levels.txt,Nivel 3 - Triangulo abierto,3,112,2,50,161,greedy,Greedy,combined,non_optimal,"Greedy (combined, allow)",allow,True,0.01156233300025633,21,49,39,Success,0,0,16
/Users/tomaspinausig/code/SIA-TP1/levels/advanced_benchmark_levels.txt,Nivel 3 - Triangulo abierto,3,113,3,50,162,greedy,Greedy,combined,non_optimal,"Greedy (combined, allow)",allow,True,0.015820500000700122,21,49,39,Success,0,0,16
/Users/tomaspinausig/code/SIA-TP1/levels/advanced_benchmark_levels.txt,Nivel 3 - Triangulo abierto,3,114,4,50,163,greedy,Greedy,combined,non_optimal,"Greedy (combined, allow)",allow,True,0.04799670899956254,21,49,39,Success,0,0,16
/Users/tomaspinausig/code/SIA-TP1/levels/advanced_benchmark_levels.txt,Nivel 3 - Triangulo abierto,3,115,5,50,164,greedy,Greedy,combined,non_optimal,"Greedy (combined, allow)",allow,True,0.07639441699939198,21,49,39,Success,0,0,16
/Users/tomaspinausig/code/SIA-TP1/levels/advanced_benchmark_levels.txt,Nivel 3 - Triangulo abierto,3,116,6,50,165,greedy,Greedy,combined,non_optimal,"Greedy (combined, allow)",allow,True,0.05721983300099964,21,49,39,Success,0,0,16
/Users/tomaspinausig/code/SIA-TP1/levels/advanced_benchmark_levels.txt,Nivel 3 - Triangulo abierto,3,117,7,50,166,greedy,Greedy,combined,non_optimal,"Greedy (combined, allow)",allow,True,0.04774400000133028,21,49,39,Success,0,0,16
/Users/tomaspinausig/code/SIA-TP1/levels/advanced_benchmark_levels.txt,Nivel 3 - Triangulo abierto,3,118,8,50,167,greedy,Greedy,combined,non_optimal,"Greedy (combined, allow)",allow,True,0.01832016700063832,21,49,39,Success,0,0,16
/Users/tomaspinausig/code/SIA-TP1/levels/advanced_benchmark_levels.txt,Nivel 3 - Triangulo abierto,3,119,9,50,168,greedy,Greedy,combined,non_optimal,"Greedy (combined, allow)",allow,True,0.0054799999998067506,21,49,39,Success,0,0,16
/Users/tomaspinausig/code/SIA-TP1/levels/advanced_benchmark_levels.txt,Nivel 3 - Triangulo abierto,3,120,10,50,169,greedy,Greedy,combined,non_optimal,"Greedy (combined, allow)",allow,True,0.16852574999938952,21,49,39,Success,0,0,16
/Users/tomaspinausig/code/SIA-TP1/levels/advanced_benchmark_levels.txt,Nivel 4 - Pasillo triple,4,121,1,50,170,dfs,DFS,none,non_optimal,DFS (prune),prune,False,0.23121891699884145,470,2836,429,Success,0,0,0
/Users/tomaspinausig/code/SIA-TP1/levels/advanced_benchmark_levels.txt,Nivel 4 - Pasillo triple,4,122,2,50,171,dfs,DFS,none,non_optimal,DFS (prune),prune,False,0.08813650000047346,470,2836,429,Success,0,0,0
/Users/tomaspinausig/code/SIA-TP1/levels/advanced_benchmark_levels.txt,Nivel 4 - Pasillo triple,4,123,3,50,172,dfs,DFS,none,non_optimal,DFS (prune),prune,False,0.07938450000074226,470,2836,429,Success,0,0,0
/Users/tomaspinausig/code/SIA-TP1/levels/advanced_benchmark_levels.txt,Nivel 4 - Pasillo triple,4,124,4,50,173,dfs,DFS,none,non_optimal,DFS (prune),prune,False,0.07442875000015192,470,2836,429,Success,0,0,0
/Users/tomaspinausig/code/SIA-TP1/levels/advanced_benchmark_levels.txt,Nivel 4 - Pasillo triple,4,125,5,50,174,dfs,DFS,none,non_optimal,DFS (prune),prune,False,0.14894679200006067,470,2836,429,Success,0,0,0
/Users/tomaspinausig/code/SIA-TP1/levels/advanced_benchmark_levels.txt,Nivel 4 - Pasillo triple,4,126,6,50,175,dfs,DFS,none,non_optimal,DFS (prune),prune,False,0.09431354200023634,470,2836,429,Success,0,0,0
/Users/tomaspinausig/code/SIA-TP1/levels/advanced_benchmark_levels.txt,Nivel 4 - Pasillo triple,4,127,7,50,176,dfs,DFS,none,non_optimal,DFS (prune),prune,False,0.06786158300019451,470,2836,429,Success,0,0,0
/Users/tomaspinausig/code/SIA-TP1/levels/advanced_benchmark_levels.txt,Nivel 4 - Pasillo triple,4,128,8,50,177,dfs,DFS,none,non_optimal,DFS (prune),prune,False,0.0731696250004461,470,2836,429,Success,0,0,0
/Users/tomaspinausig/code/SIA-TP1/levels/advanced_benchmark_levels.txt,Nivel 4 - Pasillo triple,4,129,9,50,178,dfs,DFS,none,non_optimal,DFS (prune),prune,False,0.06746495799961849,470,2836,429,Success,0,0,0
/Users/tomaspinausig/code/SIA-TP1/levels/advanced_benchmark_levels.txt,Nivel 4 - Pasillo triple,4,130,10,50,179,dfs,DFS,none,non_optimal,DFS (prune),prune,False,0.06585212500067428,470,2836,429,Success,0,0,0
/Users/tomaspinausig/code/SIA-TP1/levels/advanced_benchmark_levels.txt,Nivel 4 - Pasillo triple,4,131,1,50,180,greedy,Greedy,static_deadlock,non_optimal,"Greedy (static_deadlock, allow)",allow,True,1.6489792499996838,28,24466,5548,Success,0,0,9530
/Users/tomaspinausig/code/SIA-TP1/levels/advanced_benchmark_levels.txt,Nivel 4 - Pasillo triple,4,132,2,50,181,greedy,Greedy,static_deadlock,non_optimal,"Greedy (static_deadlock, allow)",allow,True,2.7406679579999036,28,24466,5548,Success,0,0,9530
/Users/tomaspinausig/code/SIA-TP1/levels/advanced_benchmark_levels.txt,Nivel 4 - Pasillo triple,4,133,3,50,182,greedy,Greedy,static_deadlock,non_optimal,"Greedy (static_deadlock, allow)",allow,True,2.08634204199916,28,24466,5548,Success,0,0,9530
/Users/tomaspinausig/code/SIA-TP1/levels/advanced_benchmark_levels.txt,Nivel 4 - Pasillo triple,4,134,4,50,183,greedy,Greedy,static_deadlock,non_optimal,"Greedy (static_deadlock, allow)",allow,True,1.3095532080005796,28,24466,5548,Success,0,0,9530
/Users/tomaspinausig/code/SIA-TP1/levels/advanced_benchmark_levels.txt,Nivel 4 - Pasillo triple,4,135,5,50,184,greedy,Greedy,static_deadlock,non_optimal,"Greedy (static_deadlock, allow)",allow,True,1.0673222090008494,28,24466,5548,Success,0,0,9530
/Users/tomaspinausig/code/SIA-TP1/levels/advanced_benchmark_levels.txt,Nivel 4 - Pasillo triple,4,136,6,50,185,greedy,Greedy,static_deadlock,non_optimal,"Greedy (static_deadlock, allow)",allow,True,1.8276272920011252,28,24466,5548,Success,0,0,9530
/Users/tomaspinausig/code/SIA-TP1/levels/advanced_benchmark_levels.txt,Nivel 4 - Pasillo triple,4,137,7,50,186,greedy,Greedy,static_deadlock,non_optimal,"Greedy (static_deadlock, allow)",allow,True,1.288942749999478,28,24466,5548,Success,0,0,9530
/Users/tomaspinausig/code/SIA-TP1/levels/advanced_benchmark_levels.txt,Nivel 4 - Pasillo triple,4,138,8,50,187,greedy,Greedy,static_deadlock,non_optimal,"Greedy (static_deadlock, allow)",allow,True,1.1674560829997063,28,24466,5548,Success,0,0,9530
/Users/tomaspinausig/code/SIA-TP1/levels/advanced_benchmark_levels.txt,Nivel 4 - Pasillo triple,4,139,9,50,188,greedy,Greedy,static_deadlock,non_optimal,"Greedy (static_deadlock, allow)",allow,True,1.129397415999847,28,24466,5548,Success,0,0,9530
/Users/tomaspinausig/code/SIA-TP1/levels/advanced_benchmark_levels.txt,Nivel 4 - Pasillo triple,4,140,10,50,189,greedy,Greedy,static_deadlock,non_optimal,"Greedy (static_deadlock, allow)",allow,True,2.4259130410009675,28,24466,5548,Success,0,0,9530
/Users/tomaspinausig/code/SIA-TP1/levels/advanced_benchmark_levels.txt,Nivel 4 - Pasillo triple,4,141,1,50,190,greedy,Greedy,min_matching,non_optimal,"Greedy (min_matching, allow)",allow,True,0.00598129100035294,28,92,48,Success,0,0,31
/Users/tomaspinausig/code/SIA-TP1/levels/advanced_benchmark_levels.txt,Nivel 4 - Pasillo triple,4,142,2,50,191,greedy,Greedy,min_matching,non_optimal,"Greedy (min_matching, allow)",allow,True,0.011386207999748876,28,92,48,Success,0,0,31
/Users/tomaspinausig/code/SIA-TP1/levels/advanced_benchmark_levels.txt,Nivel 4 - Pasillo triple,4,143,3,50,192,greedy,Greedy,min_matching,non_optimal,"Greedy (min_matching, allow)",allow,True,0.011789874999521999,28,92,48,Success,0,0,31
/Users/tomaspinausig/code/SIA-TP1/levels/advanced_benchmark_levels.txt,Nivel 4 - Pasillo triple,4,144,4,50,193,greedy,Greedy,min_matching,non_optimal,"Greedy (min_matching, allow)",allow,True,0.010163167000428075,28,92,48,Success,0,0,31
/Users/tomaspinausig/code/SIA-TP1/levels/advanced_benchmark_levels.txt,Nivel 4 - Pasillo triple,4,145,5,50,194,greedy,Greedy,min_matching,non_optimal,"Greedy (min_matching, allow)",allow,True,0.006563124999956926,28,92,48,Success,0,0,31
/Users/tomaspinausig/code/SIA-TP1/levels/advanced_benchmark_levels.txt,Nivel 4 - Pasillo triple,4,146,6,50,195,greedy,Greedy,min_matching,non_optimal,"Greedy (min_matching, allow)",allow,True,0.056459542000084184,28,92,48,Success,0,0,31
/Users/tomaspinausig/code/SIA-TP1/levels/advanced_benchmark_levels.txt,Nivel 4 - Pasillo triple,4,147,7,50,196,greedy,Greedy,min_matching,non_optimal,"Greedy (min_matching, allow)",allow,True,0.016657125001074746,28,92,48,Success,0,0,31
/Users/tomaspinausig/code/SIA-TP1/levels/advanced_benchmark_levels.txt,Nivel 4 - Pasillo triple,4,148,8,50,197,greedy,Greedy,min_matching,non_optimal,"Greedy (min_matching, allow)",allow,True,0.025074332999793114,28,92,48,Success,0,0,31
/Users/tomaspinausig/code/SIA-TP1/levels/advanced_benchmark_levels.txt,Nivel 4 - Pasillo triple,4,149,9,50,198,greedy,Greedy,min_matching,non_optimal,"Greedy (min_matching, allow)",allow,True,0.021393250000983244,28,92,48,Success,0,0,31
/Users/tomaspinausig/code/SIA-TP1/levels/advanced_benchmark_levels.txt,Nivel 4 - Pasillo triple,4,150,10,50,199,greedy,Greedy,min_matching,non_optimal,"Greedy (min_matching, allow)",allow,True,0.01330062499982887,28,92,48,Success,0,0,31
/Users/tomaspinausig/code/SIA-TP1/levels/advanced_benchmark_levels.txt,Nivel 4 - Pasillo triple,4,151,1,50,200,greedy,Greedy,combined,non_optimal,"Greedy (combined, allow)",allow,True,0.011073624998971354,28,92,47,Success,0,0,31
/Users/tomaspinausig/code/SIA-TP1/levels/advanced_benchmark_levels.txt,Nivel 4 - Pasillo triple,4,152,2,50,201,greedy,Greedy,combined,non_optimal,"Greedy (combined, allow)",allow,True,0.02073125000060827,28,92,47,Success,0,0,31
/Users/tomaspinausig/code/SIA-TP1/levels/advanced_benchmark_levels.txt,Nivel 4 - Pasillo triple,4,153,3,50,202,greedy,Greedy,combined,non_optimal,"Greedy (combined, allow)",allow,True,0.017847917000835878,28,92,47,Success,0,0,31
/Users/tomaspinausig/code/SIA-TP1/levels/advanced_benchmark_levels.txt,Nivel 4 - Pasillo triple,4,154,4,50,203,greedy,Greedy,combined,non_optimal,"Greedy (combined, allow)",allow,True,0.010240249999696971,28,92,47,Success,0,0,31
/Users/tomaspinausig/code/SIA-TP1/levels/advanced_benchmark_levels.txt,Nivel 4 - Pasillo triple,4,155,5,50,204,greedy,Greedy,combined,non_optimal,"Greedy (combined, allow)",allow,True,0.015160750001086853,28,92,47,Success,0,0,31
/Users/tomaspinausig/code/SIA-TP1/levels/advanced_benchmark_levels.txt,Nivel 4 - Pasillo triple,4,156,6,50,205,greedy,Greedy,combined,non_optimal,"Greedy (combined, allow)",allow,True,0.010088916998938657,28,92,47,Success,0,0,31
/Users/tomaspinausig/code/SIA-TP1/levels/advanced_benchmark_levels.txt,Nivel 4 - Pasillo triple,4,157,7,50,206,greedy,Greedy,combined,non_optimal,"Greedy (combined, allow)",allow,True,0.01574645799883001,28,92,47,Success,0,0,31
/Users/tomaspinausig/code/SIA-TP1/levels/advanced_benchmark_levels.txt,Nivel 4 - Pasillo triple,4,158,8,50,207,greedy,Greedy,combined,non_optimal,"Greedy (combined, allow)",allow,True,0.027959291999650304,28,92,47,Success,0,0,31
/Users/tomaspinausig/code/SIA-TP1/levels/advanced_benchmark_levels.txt,Nivel 4 - Pasillo triple,4,159,9,50,208,greedy,Greedy,combined,non_optimal,"Greedy (combined, allow)",allow,True,0.08113587499974528,28,92,47,Success,0,0,31
/Users/tomaspinausig/code/SIA-TP1/levels/advanced_benchmark_levels.txt,Nivel 4 - Pasillo triple,4,160,10,50,209,greedy,Greedy,combined,non_optimal,"Greedy (combined, allow)",allow,True,0.021185833000345156,28,92,47,Success,0,0,31
/Users/tomaspinausig/code/SIA-TP1/levels/advanced_benchmark_levels.txt,Nivel 5 - Cruce angosto,5,161,1,50,210,dfs,DFS,none,non_optimal,DFS (prune),prune,False,0.3440040829991631,2977,10927,1650,Success,0,0,0
/Users/tomaspinausig/code/SIA-TP1/levels/advanced_benchmark_levels.txt,Nivel 5 - Cruce angosto,5,162,2,50,211,dfs,DFS,none,non_optimal,DFS (prune),prune,False,0.3454017500007467,2977,10927,1650,Success,0,0,0
/Users/tomaspinausig/code/SIA-TP1/levels/advanced_benchmark_levels.txt,Nivel 5 - Cruce angosto,5,163,3,50,212,dfs,DFS,none,non_optimal,DFS (prune),prune,False,0.24669662500127743,2977,10927,1650,Success,0,0,0
/Users/tomaspinausig/code/SIA-TP1/levels/advanced_benchmark_levels.txt,Nivel 5 - Cruce angosto,5,164,4,50,213,dfs,DFS,none,non_optimal,DFS (prune),prune,False,0.3791827500008367,2977,10927,1650,Success,0,0,0
/Users/tomaspinausig/code/SIA-TP1/levels/advanced_benchmark_levels.txt,Nivel 5 - Cruce angosto,5,165,5,50,214,dfs,DFS,none,non_optimal,DFS (prune),prune,False,0.4222745830011263,2977,10927,1650,Success,0,0,0
/Users/tomaspinausig/code/SIA-TP1/levels/advanced_benchmark_levels.txt,Nivel 5 - Cruce angosto,5,166,6,50,215,dfs,DFS,none,non_optimal,DFS (prune),prune,False,0.33374799999910465,2977,10927,1650,Success,0,0,0
/Users/tomaspinausig/code/SIA-TP1/levels/advanced_benchmark_levels.txt,Nivel 5 - Cruce angosto,5,167,7,50,216,dfs,DFS,none,non_optimal,DFS (prune),prune,False,0.323240125000666,2977,10927,1650,Success,0,0,0
/Users/tomaspinausig/code/SIA-TP1/levels/advanced_benchmark_levels.txt,Nivel 5 - Cruce angosto,5,168,8,50,217,dfs,DFS,none,non_optimal,DFS (prune),prune,False,0.3001786249988072,2977,10927,1650,Success,0,0,0
/Users/tomaspinausig/code/SIA-TP1/levels/advanced_benchmark_levels.txt,Nivel 5 - Cruce angosto,5,169,9,50,218,dfs,DFS,none,non_optimal,DFS (prune),prune,False,0.4310238329999265,2977,10927,1650,Success,0,0,0
/Users/tomaspinausig/code/SIA-TP1/levels/advanced_benchmark_levels.txt,Nivel 5 - Cruce angosto,5,170,10,50,219,dfs,DFS,none,non_optimal,DFS (prune),prune,False,0.22436533300060546,2977,10927,1650,Success,0,0,0
/Users/tomaspinausig/code/SIA-TP1/levels/advanced_benchmark_levels.txt,Nivel 5 - Cruce angosto,5,171,1,50,220,greedy,Greedy,static_deadlock,non_optimal,"Greedy (static_deadlock, allow)",allow,True,0.9673238750001474,47,24945,476,Success,0,0,7114
/Users/tomaspinausig/code/SIA-TP1/levels/advanced_benchmark_levels.txt,Nivel 5 - Cruce angosto,5,172,2,50,221,greedy,Greedy,static_deadlock,non_optimal,"Greedy (static_deadlock, allow)",allow,True,2.3931799160000082,47,24945,476,Success,0,0,7114
/Users/tomaspinausig/code/SIA-TP1/levels/advanced_benchmark_levels.txt,Nivel 5 - Cruce angosto,5,173,3,50,222,greedy,Greedy,static_deadlock,non_optimal,"Greedy (static_deadlock, allow)",allow,True,1.7793876249997993,47,24945,476,Success,0,0,7114
/Users/tomaspinausig/code/SIA-TP1/levels/advanced_benchmark_levels.txt,Nivel 5 - Cruce angosto,5,174,4,50,223,greedy,Greedy,static_deadlock,non_optimal,"Greedy (static_deadlock, allow)",allow,True,1.3815167089996976,47,24945,476,Success,0,0,7114
/Users/tomaspinausig/code/SIA-TP1/levels/advanced_benchmark_levels.txt,Nivel 5 - Cruce angosto,5,175,5,50,224,greedy,Greedy,static_deadlock,non_optimal,"Greedy (static_deadlock, allow)",allow,True,1.0212192500002857,47,24945,476,Success,0,0,7114
/Users/tomaspinausig/code/SIA-TP1/levels/advanced_benchmark_levels.txt,Nivel 5 - Cruce angosto,5,176,6,50,225,greedy,Greedy,static_deadlock,non_optimal,"Greedy (static_deadlock, allow)",allow,True,1.0067708750011661,47,24945,476,Success,0,0,7114
/Users/tomaspinausig/code/SIA-TP1/levels/advanced_benchmark_levels.txt,Nivel 5 - Cruce angosto,5,177,7,50,226,greedy,Greedy,static_deadlock,non_optimal,"Greedy (static_deadlock, allow)",allow,True,4.7588597089998075,47,24945,476,Success,0,0,7114
/Users/tomaspinausig/code/SIA-TP1/levels/advanced_benchmark_levels.txt,Nivel 5 - Cruce angosto,5,178,8,50,227,greedy,Greedy,static_deadlock,non_optimal,"Greedy (static_deadlock, allow)",allow,True,1.6596719160006614,47,24945,476,Success,0,0,7114
/Users/tomaspinausig/code/SIA-TP1/levels/advanced_benchmark_levels.txt,Nivel 5 - Cruce angosto,5,179,9,50,228,greedy,Greedy,static_deadlock,non_optimal,"Greedy (static_deadlock, allow)",allow,True,1.7201807920009742,47,24945,476,Success,0,0,7114
/Users/tomaspinausig/code/SIA-TP1/levels/advanced_benchmark_levels.txt,Nivel 5 - Cruce angosto,5,180,10,50,229,greedy,Greedy,static_deadlock,non_optimal,"Greedy (static_deadlock, allow)",allow,True,1.0974717919998511,47,24945,476,Success,0,0,7114
/Users/tomaspinausig/code/SIA-TP1/levels/advanced_benchmark_levels.txt,Nivel 5 - Cruce angosto,5,181,1,50,230,greedy,Greedy,min_matching,non_optimal,"Greedy (min_matching, allow)",allow,True,0.43677287499849626,81,8400,959,Success,0,0,2170
/Users/tomaspinausig/code/SIA-TP1/levels/advanced_benchmark_levels.txt,Nivel 5 - Cruce angosto,5,182,2,50,231,greedy,Greedy,min_matching,non_optimal,"Greedy (min_matching, allow)",allow,True,0.4732371250011056,81,8400,959,Success,0,0,2170
/Users/tomaspinausig/code/SIA-TP1/levels/advanced_benchmark_levels.txt,Nivel 5 - Cruce angosto,5,183,3,50,232,greedy,Greedy,min_matching,non_optimal,"Greedy (min_matching, allow)",allow,True,0.4636811250002211,81,8400,959,Success,0,0,2170
/Users/tomaspinausig/code/SIA-TP1/levels/advanced_benchmark_levels.txt,Nivel 5 - Cruce angosto,5,184,4,50,233,greedy,Greedy,min_matching,non_optimal,"Greedy (min_matching, allow)",allow,True,0.4266758329995355,81,8400,959,Success,0,0,2170
/Users/tomaspinausig/code/SIA-TP1/levels/advanced_benchmark_levels.txt,Nivel 5 - Cruce angosto,5,185,5,50,234,greedy,Greedy,min_matching,non_optimal,"Greedy (min_matching, allow)",allow,True,0.4834784579998086,81,8400,959,Success,0,0,2170
/Users/tomaspinausig/code/SIA-TP1/levels/advanced_benchmark_levels.txt,Nivel 5 - Cruce angosto,5,186,6,50,235,greedy,Greedy,min_matching,non_optimal,"Greedy (min_matching, allow)",allow,True,0.6077933339984156,81,8400,959,Success,0,0,2170
/Users/tomaspinausig/code/SIA-TP1/levels/advanced_benchmark_levels.txt,Nivel 5 - Cruce angosto,5,187,7,50,236,greedy,Greedy,min_matching,non_optimal,"Greedy (min_matching, allow)",allow,True,0.8499936250009341,81,8400,959,Success,0,0,2170
/Users/tomaspinausig/code/SIA-TP1/levels/advanced_benchmark_levels.txt,Nivel 5 - Cruce angosto,5,188,8,50,237,greedy,Greedy,min_matching,non_optimal,"Greedy (min_matching, allow)",allow,True,1.8848291670001345,81,8400,959,Success,0,0,2170
/Users/tomaspinausig/code/SIA-TP1/levels/advanced_benchmark_levels.txt,Nivel 5 - Cruce angosto,5,189,9,50,238,greedy,Greedy,min_matching,non_optimal,"Greedy (min_matching, allow)",allow,True,1.307781415998761,81,8400,959,Success,0,0,2170
/Users/tomaspinausig/code/SIA-TP1/levels/advanced_benchmark_levels.txt,Nivel 5 - Cruce angosto,5,190,10,50,239,greedy,Greedy,min_matching,non_optimal,"Greedy (min_matching, allow)",allow,True,0.4799752079998143,81,8400,959,Success,0,0,2170
/Users/tomaspinausig/code/SIA-TP1/levels/advanced_benchmark_levels.txt,Nivel 5 - Cruce angosto,5,191,1,50,240,greedy,Greedy,combined,non_optimal,"Greedy (combined, allow)",allow,True,0.17929679099870555,81,2227,245,Success,0,0,545
/Users/tomaspinausig/code/SIA-TP1/levels/advanced_benchmark_levels.txt,Nivel 5 - Cruce angosto,5,192,2,50,241,greedy,Greedy,combined,non_optimal,"Greedy (combined, allow)",allow,True,0.16582237500006158,81,2227,245,Success,0,0,545
/Users/tomaspinausig/code/SIA-TP1/levels/advanced_benchmark_levels.txt,Nivel 5 - Cruce angosto,5,193,3,50,242,greedy,Greedy,combined,non_optimal,"Greedy (combined, allow)",allow,True,0.19966195799861453,81,2227,245,Success,0,0,545
/Users/tomaspinausig/code/SIA-TP1/levels/advanced_benchmark_levels.txt,Nivel 5 - Cruce angosto,5,194,4,50,243,greedy,Greedy,combined,non_optimal,"Greedy (combined, allow)",allow,True,0.23941479099994467,81,2227,245,Success,0,0,545
/Users/tomaspinausig/code/SIA-TP1/levels/advanced_benchmark_levels.txt,Nivel 5 - Cruce angosto,5,195,5,50,244,greedy,Greedy,combined,non_optimal,"Greedy (combined, allow)",allow,True,0.22958220900000015,81,2227,245,Success,0,0,545
/Users/tomaspinausig/code/SIA-TP1/levels/advanced_benchmark_levels.txt,Nivel 5 - Cruce angosto,5,196,6,50,245,greedy,Greedy,combined,non_optimal,"Greedy (combined, allow)",allow,True,0.23782245800066448,81,2227,245,Success,0,0,545
/Users/tomaspinausig/code/SIA-TP1/levels/advanced_benchmark_levels.txt,Nivel 5 - Cruce angosto,5,197,7,50,246,greedy,Greedy,combined,non_optimal,"Greedy (combined, allow)",allow,True,0.21828145800100174,81,2227,245,Success,0,0,545
/Users/tomaspinausig/code/SIA-TP1/levels/advanced_benchmark_levels.txt,Nivel 5 - Cruce angosto,5,198,8,50,247,greedy,Greedy,combined,non_optimal,"Greedy (combined, allow)",allow,True,0.2070924589988863,81,2227,245,Success,0,0,545
/Users/tomaspinausig/code/SIA-TP1/levels/advanced_benchmark_levels.txt,Nivel 5 - Cruce angosto,5,199,9,50,248,greedy,Greedy,combined,non_optimal,"Greedy (combined, allow)",allow,True,0.20697870799995144,81,2227,245,Success,0,0,545
/Users/tomaspinausig/code/SIA-TP1/levels/advanced_benchmark_levels.txt,Nivel 5 - Cruce angosto,5,200,10,50,249,greedy,Greedy,combined,non_optimal,"Greedy (combined, allow)",allow,True,0.1724830839993956,81,2227,245,Success,0,0,545
