levels_file,level_name,level_index,run_id,iteration,seed,run_seed,algorithm,algorithm_label,heuristic,category,solver_label,time_seconds,cost,nodes_expanded,frontier_count,result,stale_skipped,reopened_states,heuristic_cache_hits
/home/narias/sia/SIA-TP1/levels/default_levels.txt,Nivel 1 - Intro,1,1,1,42,42,bfs,BFS,none,optimal,BFS,5.999999848427251e-05,1,4,6,Success,0,0,0
/home/narias/sia/SIA-TP1/levels/default_levels.txt,Nivel 1 - Intro,1,2,2,42,43,bfs,BFS,none,optimal,BFS,6.180000491440296e-05,1,4,6,Success,0,0,0
/home/narias/sia/SIA-TP1/levels/default_levels.txt,Nivel 1 - Intro,1,3,3,42,44,bfs,BFS,none,optimal,BFS,3.040000592591241e-05,1,4,6,Success,0,0,0
/home/narias/sia/SIA-TP1/levels/default_levels.txt,Nivel 1 - Intro,1,4,4,42,45,bfs,BFS,none,optimal,BFS,2.9000002541579306e-05,1,4,6,Success,0,0,0
/home/narias/sia/SIA-TP1/levels/default_levels.txt,Nivel 1 - Intro,1,5,5,42,46,bfs,BFS,none,optimal,BFS,2.9499999072868377e-05,1,4,6,Success,0,0,0
/home/narias/sia/SIA-TP1/levels/default_levels.txt,Nivel 1 - Intro,1,6,6,42,47,bfs,BFS,none,optimal,BFS,2.909999602707103e-05,1,4,6,Success,0,0,0
/home/narias/sia/SIA-TP1/levels/default_levels.txt,Nivel 1 - Intro,1,7,7,42,48,bfs,BFS,none,optimal,BFS,2.8800001018680632e-05,1,4,6,Success,0,0,0
/home/narias/sia/SIA-TP1/levels/default_levels.txt,Nivel 1 - Intro,1,8,8,42,49,bfs,BFS,none,optimal,BFS,2.8399997972883284e-05,1,4,6,Success,0,0,0
/home/narias/sia/SIA-TP1/levels/default_levels.txt,Nivel 1 - Intro,1,9,9,42,50,bfs,BFS,none,optimal,BFS,4.400000034365803e-05,1,4,6,Success,0,0,0
/home/narias/sia/SIA-TP1/levels/default_levels.txt,Nivel 1 - Intro,1,10,10,42,51,bfs,BFS,none,optimal,BFS,2.939999831141904e-05,1,4,6,Success,0,0,0
/home/narias/sia/SIA-TP1/levels/default_levels.txt,Nivel 1 - Intro,1,11,1,42,52,dfs,DFS,none,non_optimal,DFS,1.7800004570744932e-05,1,1,3,Success,0,0,0
/home/narias/sia/SIA-TP1/levels/default_levels.txt,Nivel 1 - Intro,1,12,2,42,53,dfs,DFS,none,non_optimal,DFS,1.460000203223899e-05,1,1,3,Success,0,0,0
/home/narias/sia/SIA-TP1/levels/default_levels.txt,Nivel 1 - Intro,1,13,3,42,54,dfs,DFS,none,non_optimal,DFS,2.970000059576705e-05,1,1,3,Success,0,0,0
/home/narias/sia/SIA-TP1/levels/default_levels.txt,Nivel 1 - Intro,1,14,4,42,55,dfs,DFS,none,non_optimal,DFS,1.4400000509340316e-05,1,1,3,Success,0,0,0
/home/narias/sia/SIA-TP1/levels/default_levels.txt,Nivel 1 - Intro,1,15,5,42,56,dfs,DFS,none,non_optimal,DFS,1.460000203223899e-05,1,1,3,Success,0,0,0
/home/narias/sia/SIA-TP1/levels/default_levels.txt,Nivel 1 - Intro,1,16,6,42,57,dfs,DFS,none,non_optimal,DFS,1.4299999747890979e-05,1,1,3,Success,0,0,0
/home/narias/sia/SIA-TP1/levels/default_levels.txt,Nivel 1 - Intro,1,17,7,42,58,dfs,DFS,none,non_optimal,DFS,1.5300000086426735e-05,1,1,3,Success,0,0,0
/home/narias/sia/SIA-TP1/levels/default_levels.txt,Nivel 1 - Intro,1,18,8,42,59,dfs,DFS,none,non_optimal,DFS,9.399002010468394e-06,1,1,3,Success,0,0,0
/home/narias/sia/SIA-TP1/levels/default_levels.txt,Nivel 1 - Intro,1,19,9,42,60,dfs,DFS,none,non_optimal,DFS,2.8700000257231295e-05,1,1,3,Success,0,0,0
/home/narias/sia/SIA-TP1/levels/default_levels.txt,Nivel 1 - Intro,1,20,10,42,61,dfs,DFS,none,non_optimal,DFS,1.550000160932541e-05,1,1,3,Success,0,0,0
/home/narias/sia/SIA-TP1/levels/default_levels.txt,Nivel 1 - Intro,1,21,1,42,62,greedy,Greedy,static_deadlock,non_optimal,Greedy (static_deadlock),0.00014209999790182337,1,4,6,Success,0,0,2
/home/narias/sia/SIA-TP1/levels/default_levels.txt,Nivel 1 - Intro,1,22,2,42,63,greedy,Greedy,static_deadlock,non_optimal,Greedy (static_deadlock),5.0199996621813625e-05,1,4,6,Success,0,0,2
/home/narias/sia/SIA-TP1/levels/default_levels.txt,Nivel 1 - Intro,1,23,3,42,64,greedy,Greedy,static_deadlock,non_optimal,Greedy (static_deadlock),4.820000322069973e-05,1,4,6,Success,0,0,2
/home/narias/sia/SIA-TP1/levels/default_levels.txt,Nivel 1 - Intro,1,24,4,42,65,greedy,Greedy,static_deadlock,non_optimal,Greedy (static_deadlock),4.630000330507755e-05,1,4,6,Success,0,0,2
/home/narias/sia/SIA-TP1/levels/default_levels.txt,Nivel 1 - Intro,1,25,5,42,66,greedy,Greedy,static_deadlock,non_optimal,Greedy (static_deadlock),3.7500001781154424e-05,1,4,6,Success,0,0,2
/home/narias/sia/SIA-TP1/levels/default_levels.txt,Nivel 1 - Intro,1,26,6,42,67,greedy,Greedy,static_deadlock,non_optimal,Greedy (static_deadlock),4.599999374477193e-05,1,4,6,Success,0,0,2
/home/narias/sia/SIA-TP1/levels/default_levels.txt,Nivel 1 - Intro,1,27,7,42,68,greedy,Greedy,static_deadlock,non_optimal,Greedy (static_deadlock),4.560000525088981e-05,1,4,6,Success,0,0,2
/home/narias/sia/SIA-TP1/levels/default_levels.txt,Nivel 1 - Intro,1,28,8,42,69,greedy,Greedy,static_deadlock,non_optimal,Greedy (static_deadlock),3.6299999919719994e-05,1,4,6,Success,0,0,2
/home/narias/sia/SIA-TP1/levels/default_levels.txt,Nivel 1 - Intro,1,29,9,42,70,greedy,Greedy,static_deadlock,non_optimal,Greedy (static_deadlock),4.479999915929511e-05,1,4,6,Success,0,0,2
/home/narias/sia/SIA-TP1/levels/default_levels.txt,Nivel 1 - Intro,1,30,10,42,71,greedy,Greedy,static_deadlock,non_optimal,Greedy (static_deadlock),4.6799999836366624e-05,1,4,6,Success,0,0,2
/home/narias/sia/SIA-TP1/levels/default_levels.txt,Nivel 1 - Intro,1,31,1,42,72,greedy,Greedy,min_matching,non_optimal,Greedy (min_matching),3.3299998904112726e-05,1,1,3,Success,0,0,0
/home/narias/sia/SIA-TP1/levels/default_levels.txt,Nivel 1 - Intro,1,32,2,42,73,greedy,Greedy,min_matching,non_optimal,Greedy (min_matching),2.5200002710334957e-05,1,1,3,Success,0,0,0
/home/narias/sia/SIA-TP1/levels/default_levels.txt,Nivel 1 - Intro,1,33,3,42,74,greedy,Greedy,min_matching,non_optimal,Greedy (min_matching),2.5399996957276016e-05,1,1,3,Success,0,0,0
/home/narias/sia/SIA-TP1/levels/default_levels.txt,Nivel 1 - Intro,1,34,4,42,75,greedy,Greedy,min_matching,non_optimal,Greedy (min_matching),2.5099994672928005e-05,1,1,3,Success,0,0,0
/home/narias/sia/SIA-TP1/levels/default_levels.txt,Nivel 1 - Intro,1,35,5,42,76,greedy,Greedy,min_matching,non_optimal,Greedy (min_matching),2.5500004994682968e-05,1,1,3,Success,0,0,0
/home/narias/sia/SIA-TP1/levels/default_levels.txt,Nivel 1 - Intro,1,36,6,42,77,greedy,Greedy,min_matching,non_optimal,Greedy (min_matching),2.370000584051013e-05,1,1,3,Success,0,0,0
/home/narias/sia/SIA-TP1/levels/default_levels.txt,Nivel 1 - Intro,1,37,7,42,78,greedy,Greedy,min_matching,non_optimal,Greedy (min_matching),2.4900000425986946e-05,1,1,3,Success,0,0,0
/home/narias/sia/SIA-TP1/levels/default_levels.txt,Nivel 1 - Intro,1,38,8,42,79,greedy,Greedy,min_matching,non_optimal,Greedy (min_matching),2.5399996957276016e-05,1,1,3,Success,0,0,0
/home/narias/sia/SIA-TP1/levels/default_levels.txt,Nivel 1 - Intro,1,39,9,42,80,greedy,Greedy,min_matching,non_optimal,Greedy (min_matching),2.4499997380189598e-05,1,1,3,Success,0,0,0
/home/narias/sia/SIA-TP1/levels/default_levels.txt,Nivel 1 - Intro,1,40,10,42,81,greedy,Greedy,min_matching,non_optimal,Greedy (min_matching),2.5000001187436283e-05,1,1,3,Success,0,0,0
/home/narias/sia/SIA-TP1/levels/default_levels.txt,Nivel 1 - Intro,1,41,1,42,82,greedy,Greedy,combined,non_optimal,Greedy (combined),4.249999619787559e-05,1,1,3,Success,0,0,0
/home/narias/sia/SIA-TP1/levels/default_levels.txt,Nivel 1 - Intro,1,42,2,42,83,greedy,Greedy,combined,non_optimal,Greedy (combined),3.5400000342633575e-05,1,1,3,Success,0,0,0
/home/narias/sia/SIA-TP1/levels/default_levels.txt,Nivel 1 - Intro,1,43,3,42,84,greedy,Greedy,combined,non_optimal,Greedy (combined),5.149999924469739e-05,1,1,3,Success,0,0,0
/home/narias/sia/SIA-TP1/levels/default_levels.txt,Nivel 1 - Intro,1,44,4,42,85,greedy,Greedy,combined,non_optimal,Greedy (combined),3.740000101970509e-05,1,1,3,Success,0,0,0
/home/narias/sia/SIA-TP1/levels/default_levels.txt,Nivel 1 - Intro,1,45,5,42,86,greedy,Greedy,combined,non_optimal,Greedy (combined),3.590000414988026e-05,1,1,3,Success,0,0,0
/home/narias/sia/SIA-TP1/levels/default_levels.txt,Nivel 1 - Intro,1,46,6,42,87,greedy,Greedy,combined,non_optimal,Greedy (combined),3.5099998058285564e-05,1,1,3,Success,0,0,0
/home/narias/sia/SIA-TP1/levels/default_levels.txt,Nivel 1 - Intro,1,47,7,42,88,greedy,Greedy,combined,non_optimal,Greedy (combined),3.4199998481199145e-05,1,1,3,Success,0,0,0
/home/narias/sia/SIA-TP1/levels/default_levels.txt,Nivel 1 - Intro,1,48,8,42,89,greedy,Greedy,combined,non_optimal,Greedy (combined),3.199999628122896e-05,1,1,3,Success,0,0,0
/home/narias/sia/SIA-TP1/levels/default_levels.txt,Nivel 1 - Intro,1,49,9,42,90,greedy,Greedy,combined,non_optimal,Greedy (combined),3.2800002372823656e-05,1,1,3,Success,0,0,0
/home/narias/sia/SIA-TP1/levels/default_levels.txt,Nivel 1 - Intro,1,50,10,42,91,greedy,Greedy,combined,non_optimal,Greedy (combined),3.300000389572233e-05,1,1,3,Success,0,0,0
/home/narias/sia/SIA-TP1/levels/default_levels.txt,Nivel 1 - Intro,1,51,1,42,92,a_star,A*,static_deadlock,optimal,A* (static_deadlock),6.600000051548705e-05,1,4,4,Success,0,0,0
/home/narias/sia/SIA-TP1/levels/default_levels.txt,Nivel 1 - Intro,1,52,2,42,93,a_star,A*,static_deadlock,optimal,A* (static_deadlock),5.469999450724572e-05,1,4,4,Success,0,0,0
/home/narias/sia/SIA-TP1/levels/default_levels.txt,Nivel 1 - Intro,1,53,3,42,94,a_star,A*,static_deadlock,optimal,A* (static_deadlock),5.3099996875971556e-05,1,4,4,Success,0,0,0
/home/narias/sia/SIA-TP1/levels/default_levels.txt,Nivel 1 - Intro,1,54,4,42,95,a_star,A*,static_deadlock,optimal,A* (static_deadlock),5.100000271340832e-05,1,4,4,Success,0,0,0
/home/narias/sia/SIA-TP1/levels/default_levels.txt,Nivel 1 - Intro,1,55,5,42,96,a_star,A*,static_deadlock,optimal,A* (static_deadlock),5.100000271340832e-05,1,4,4,Success,0,0,0
/home/narias/sia/SIA-TP1/levels/default_levels.txt,Nivel 1 - Intro,1,56,6,42,97,a_star,A*,static_deadlock,optimal,A* (static_deadlock),5.100000271340832e-05,1,4,4,Success,0,0,0
/home/narias/sia/SIA-TP1/levels/default_levels.txt,Nivel 1 - Intro,1,57,7,42,98,a_star,A*,static_deadlock,optimal,A* (static_deadlock),5.160000000614673e-05,1,4,4,Success,0,0,0
/home/narias/sia/SIA-TP1/levels/default_levels.txt,Nivel 1 - Intro,1,58,8,42,99,a_star,A*,static_deadlock,optimal,A* (static_deadlock),5.070000042906031e-05,1,4,4,Success,0,0,0
/home/narias/sia/SIA-TP1/levels/default_levels.txt,Nivel 1 - Intro,1,59,9,42,100,a_star,A*,static_deadlock,optimal,A* (static_deadlock),5.01000031363219e-05,1,4,4,Success,0,0,0
/home/narias/sia/SIA-TP1/levels/default_levels.txt,Nivel 1 - Intro,1,60,10,42,101,a_star,A*,static_deadlock,optimal,A* (static_deadlock),7.360000017797574e-05,1,4,4,Success,0,0,0
/home/narias/sia/SIA-TP1/levels/default_levels.txt,Nivel 1 - Intro,1,61,1,42,102,a_star,A*,min_matching,optimal,A* (min_matching),2.9599999834317714e-05,1,1,3,Success,0,0,0
/home/narias/sia/SIA-TP1/levels/default_levels.txt,Nivel 1 - Intro,1,62,2,42,103,a_star,A*,min_matching,optimal,A* (min_matching),2.890000178012997e-05,1,1,3,Success,0,0,0
/home/narias/sia/SIA-TP1/levels/default_levels.txt,Nivel 1 - Intro,1,63,3,42,104,a_star,A*,min_matching,optimal,A* (min_matching),2.8599999495781958e-05,1,1,3,Success,0,0,0
/home/narias/sia/SIA-TP1/levels/default_levels.txt,Nivel 1 - Intro,1,64,4,42,105,a_star,A*,min_matching,optimal,A* (min_matching),2.7800000680144876e-05,1,1,3,Success,0,0,0
/home/narias/sia/SIA-TP1/levels/default_levels.txt,Nivel 1 - Intro,1,65,5,42,106,a_star,A*,min_matching,optimal,A* (min_matching),2.7599999157246202e-05,1,1,3,Success,0,0,0
/home/narias/sia/SIA-TP1/levels/default_levels.txt,Nivel 1 - Intro,1,66,6,42,107,a_star,A*,min_matching,optimal,A* (min_matching),2.7900001441594213e-05,1,1,3,Success,0,0,0
/home/narias/sia/SIA-TP1/levels/default_levels.txt,Nivel 1 - Intro,1,67,7,42,108,a_star,A*,min_matching,optimal,A* (min_matching),2.8099995688535273e-05,1,1,3,Success,0,0,0
/home/narias/sia/SIA-TP1/levels/default_levels.txt,Nivel 1 - Intro,1,68,8,42,109,a_star,A*,min_matching,optimal,A* (min_matching),2.800000220304355e-05,1,1,3,Success,0,0,0
/home/narias/sia/SIA-TP1/levels/default_levels.txt,Nivel 1 - Intro,1,69,9,42,110,a_star,A*,min_matching,optimal,A* (min_matching),0.0001503000021330081,1,1,3,Success,0,0,0
/home/narias/sia/SIA-TP1/levels/default_levels.txt,Nivel 1 - Intro,1,70,10,42,111,a_star,A*,min_matching,optimal,A* (min_matching),3.510000533424318e-05,1,1,3,Success,0,0,0
/home/narias/sia/SIA-TP1/levels/default_levels.txt,Nivel 1 - Intro,1,71,1,42,112,a_star,A*,combined,optimal,A* (combined),4.400000034365803e-05,1,1,3,Success,0,0,0
/home/narias/sia/SIA-TP1/levels/default_levels.txt,Nivel 1 - Intro,1,72,2,42,113,a_star,A*,combined,optimal,A* (combined),3.9200000173877925e-05,1,1,3,Success,0,0,0
/home/narias/sia/SIA-TP1/levels/default_levels.txt,Nivel 1 - Intro,1,73,3,42,114,a_star,A*,combined,optimal,A* (combined),3.959999594371766e-05,1,1,3,Success,0,0,0
/home/narias/sia/SIA-TP1/levels/default_levels.txt,Nivel 1 - Intro,1,74,4,42,115,a_star,A*,combined,optimal,A* (combined),3.909999941242859e-05,1,1,3,Success,0,0,0
/home/narias/sia/SIA-TP1/levels/default_levels.txt,Nivel 1 - Intro,1,75,5,42,116,a_star,A*,combined,optimal,A* (combined),3.880000440403819e-05,1,1,3,Success,0,0,0
/home/narias/sia/SIA-TP1/levels/default_levels.txt,Nivel 1 - Intro,1,76,6,42,117,a_star,A*,combined,optimal,A* (combined),3.779999678954482e-05,1,1,3,Success,0,0,0
/home/narias/sia/SIA-TP1/levels/default_levels.txt,Nivel 1 - Intro,1,77,7,42,118,a_star,A*,combined,optimal,A* (combined),6.259999645408243e-05,1,1,3,Success,0,0,0
/home/narias/sia/SIA-TP1/levels/default_levels.txt,Nivel 1 - Intro,1,78,8,42,119,a_star,A*,combined,optimal,A* (combined),4.019899643026292e-05,1,1,3,Success,0,0,0
/home/narias/sia/SIA-TP1/levels/default_levels.txt,Nivel 1 - Intro,1,79,9,42,120,a_star,A*,combined,optimal,A* (combined),3.9000005926936865e-05,1,1,3,Success,0,0,0
/home/narias/sia/SIA-TP1/levels/default_levels.txt,Nivel 1 - Intro,1,80,10,42,121,a_star,A*,combined,optimal,A* (combined),4.170000465819612e-05,1,1,3,Success,0,0,0
/home/narias/sia/SIA-TP1/levels/default_levels.txt,Nivel 2 - Dos cajas,2,81,1,42,122,bfs,BFS,none,optimal,BFS,0.001393600003211759,7,254,213,Success,0,0,0
/home/narias/sia/SIA-TP1/levels/default_levels.txt,Nivel 2 - Dos cajas,2,82,2,42,123,bfs,BFS,none,optimal,BFS,0.0018113990008714609,7,254,213,Success,0,0,0
/home/narias/sia/SIA-TP1/levels/default_levels.txt,Nivel 2 - Dos cajas,2,83,3,42,124,bfs,BFS,none,optimal,BFS,0.001179500002763234,7,254,213,Success,0,0,0
/home/narias/sia/SIA-TP1/levels/default_levels.txt,Nivel 2 - Dos cajas,2,84,4,42,125,bfs,BFS,none,optimal,BFS,0.0011274989956291392,7,254,213,Success,0,0,0
/home/narias/sia/SIA-TP1/levels/default_levels.txt,Nivel 2 - Dos cajas,2,85,5,42,126,bfs,BFS,none,optimal,BFS,0.0012212000001454726,7,254,213,Success,0,0,0
/home/narias/sia/SIA-TP1/levels/default_levels.txt,Nivel 2 - Dos cajas,2,86,6,42,127,bfs,BFS,none,optimal,BFS,0.0014731990013387986,7,254,213,Success,0,0,0
/home/narias/sia/SIA-TP1/levels/default_levels.txt,Nivel 2 - Dos cajas,2,87,7,42,128,bfs,BFS,none,optimal,BFS,0.0012502999961725436,7,254,213,Success,0,0,0
/home/narias/sia/SIA-TP1/levels/default_levels.txt,Nivel 2 - Dos cajas,2,88,8,42,129,bfs,BFS,none,optimal,BFS,0.0012794990034308285,7,254,213,Success,0,0,0
/home/narias/sia/SIA-TP1/levels/default_levels.txt,Nivel 2 - Dos cajas,2,89,9,42,130,bfs,BFS,none,optimal,BFS,0.001319900002272334,7,254,213,Success,0,0,0
/home/narias/sia/SIA-TP1/levels/default_levels.txt,Nivel 2 - Dos cajas,2,90,10,42,131,bfs,BFS,none,optimal,BFS,0.0012335999999777414,7,254,213,Success,0,0,0
/home/narias/sia/SIA-TP1/levels/default_levels.txt,Nivel 2 - Dos cajas,2,91,1,42,132,dfs,DFS,none,non_optimal,DFS,0.01408919599634828,61,2831,54,Success,0,0,0
/home/narias/sia/SIA-TP1/levels/default_levels.txt,Nivel 2 - Dos cajas,2,92,2,42,133,dfs,DFS,none,non_optimal,DFS,0.014157196004816797,61,2831,54,Success,0,0,0
/home/narias/sia/SIA-TP1/levels/default_levels.txt,Nivel 2 - Dos cajas,2,93,3,42,134,dfs,DFS,none,non_optimal,DFS,0.013118096001562662,61,2831,54,Success,0,0,0
/home/narias/sia/SIA-TP1/levels/default_levels.txt,Nivel 2 - Dos cajas,2,94,4,42,135,dfs,DFS,none,non_optimal,DFS,0.013386694998189341,61,2831,54,Success,0,0,0
/home/narias/sia/SIA-TP1/levels/default_levels.txt,Nivel 2 - Dos cajas,2,95,5,42,136,dfs,DFS,none,non_optimal,DFS,0.012574095999298152,61,2831,54,Success,0,0,0
/home/narias/sia/SIA-TP1/levels/default_levels.txt,Nivel 2 - Dos cajas,2,96,6,42,137,dfs,DFS,none,non_optimal,DFS,0.012942995002958924,61,2831,54,Success,0,0,0
/home/narias/sia/SIA-TP1/levels/default_levels.txt,Nivel 2 - Dos cajas,2,97,7,42,138,dfs,DFS,none,non_optimal,DFS,0.012136295998061541,61,2831,54,Success,0,0,0
/home/narias/sia/SIA-TP1/levels/default_levels.txt,Nivel 2 - Dos cajas,2,98,8,42,139,dfs,DFS,none,non_optimal,DFS,0.012604294999619015,61,2831,54,Success,0,0,0
/home/narias/sia/SIA-TP1/levels/default_levels.txt,Nivel 2 - Dos cajas,2,99,9,42,140,dfs,DFS,none,non_optimal,DFS,0.04288018499937607,61,2831,54,Success,0,0,0
/home/narias/sia/SIA-TP1/levels/default_levels.txt,Nivel 2 - Dos cajas,2,100,10,42,141,dfs,DFS,none,non_optimal,DFS,0.01322769499529386,61,2831,54,Success,0,0,0
/home/narias/sia/SIA-TP1/levels/default_levels.txt,Nivel 2 - Dos cajas,2,101,1,42,142,greedy,Greedy,static_deadlock,non_optimal,Greedy (static_deadlock),0.0005219000013312325,7,71,25,Success,0,0,27
/home/narias/sia/SIA-TP1/levels/default_levels.txt,Nivel 2 - Dos cajas,2,102,2,42,143,greedy,Greedy,static_deadlock,non_optimal,Greedy (static_deadlock),0.0005673999985447153,7,71,25,Success,0,0,27
/home/narias/sia/SIA-TP1/levels/default_levels.txt,Nivel 2 - Dos cajas,2,103,3,42,144,greedy,Greedy,static_deadlock,non_optimal,Greedy (static_deadlock),0.0005508000031113625,7,71,25,Success,0,0,27
/home/narias/sia/SIA-TP1/levels/default_levels.txt,Nivel 2 - Dos cajas,2,104,4,42,145,greedy,Greedy,static_deadlock,non_optimal,Greedy (static_deadlock),0.0004445000013220124,7,71,25,Success,0,0,27
/home/narias/sia/SIA-TP1/levels/default_levels.txt,Nivel 2 - Dos cajas,2,105,5,42,146,greedy,Greedy,static_deadlock,non_optimal,Greedy (static_deadlock),0.0005064989964012057,7,71,25,Success,0,0,27
/home/narias/sia/SIA-TP1/levels/default_levels.txt,Nivel 2 - Dos cajas,2,106,6,42,147,greedy,Greedy,static_deadlock,non_optimal,Greedy (static_deadlock),0.00045790000149281695,7,71,25,Success,0,0,27
/home/narias/sia/SIA-TP1/levels/default_levels.txt,Nivel 2 - Dos cajas,2,107,7,42,148,greedy,Greedy,static_deadlock,non_optimal,Greedy (static_deadlock),0.0005888999949092977,7,71,25,Success,0,0,27
/home/narias/sia/SIA-TP1/levels/default_levels.txt,Nivel 2 - Dos cajas,2,108,8,42,149,greedy,Greedy,static_deadlock,non_optimal,Greedy (static_deadlock),0.0005195000048843212,7,71,25,Success,0,0,27
/home/narias/sia/SIA-TP1/levels/default_levels.txt,Nivel 2 - Dos cajas,2,109,9,42,150,greedy,Greedy,static_deadlock,non_optimal,Greedy (static_deadlock),0.00046710000606253743,7,71,25,Success,0,0,27
/home/narias/sia/SIA-TP1/levels/default_levels.txt,Nivel 2 - Dos cajas,2,110,10,42,151,greedy,Greedy,static_deadlock,non_optimal,Greedy (static_deadlock),0.0004423989958013408,7,71,25,Success,0,0,27
/home/narias/sia/SIA-TP1/levels/default_levels.txt,Nivel 2 - Dos cajas,2,111,1,42,152,greedy,Greedy,min_matching,non_optimal,Greedy (min_matching),0.00023010000586509705,7,19,4,Success,0,0,7
/home/narias/sia/SIA-TP1/levels/default_levels.txt,Nivel 2 - Dos cajas,2,112,2,42,153,greedy,Greedy,min_matching,non_optimal,Greedy (min_matching),0.0001762000028975308,7,19,4,Success,0,0,7
/home/narias/sia/SIA-TP1/levels/default_levels.txt,Nivel 2 - Dos cajas,2,113,3,42,154,greedy,Greedy,min_matching,non_optimal,Greedy (min_matching),0.000170599996636156,7,19,4,Success,0,0,7
/home/narias/sia/SIA-TP1/levels/default_levels.txt,Nivel 2 - Dos cajas,2,114,4,42,155,greedy,Greedy,min_matching,non_optimal,Greedy (min_matching),0.00017069999739760533,7,19,4,Success,0,0,7
/home/narias/sia/SIA-TP1/levels/default_levels.txt,Nivel 2 - Dos cajas,2,115,5,42,156,greedy,Greedy,min_matching,non_optimal,Greedy (min_matching),0.00022530000569531694,7,19,4,Success,0,0,7
/home/narias/sia/SIA-TP1/levels/default_levels.txt,Nivel 2 - Dos cajas,2,116,6,42,157,greedy,Greedy,min_matching,non_optimal,Greedy (min_matching),0.000170899998920504,7,19,4,Success,0,0,7
/home/narias/sia/SIA-TP1/levels/default_levels.txt,Nivel 2 - Dos cajas,2,117,7,42,158,greedy,Greedy,min_matching,non_optimal,Greedy (min_matching),0.00017040000238921493,7,19,4,Success,0,0,7
/home/narias/sia/SIA-TP1/levels/default_levels.txt,Nivel 2 - Dos cajas,2,118,8,42,159,greedy,Greedy,min_matching,non_optimal,Greedy (min_matching),0.0001953999963006936,7,19,4,Success,0,0,7
/home/narias/sia/SIA-TP1/levels/default_levels.txt,Nivel 2 - Dos cajas,2,119,9,42,160,greedy,Greedy,min_matching,non_optimal,Greedy (min_matching),0.00016899999900488183,7,19,4,Success,0,0,7
/home/narias/sia/SIA-TP1/levels/default_levels.txt,Nivel 2 - Dos cajas,2,120,10,42,161,greedy,Greedy,min_matching,non_optimal,Greedy (min_matching),0.00016960000357357785,7,19,4,Success,0,0,7
/home/narias/sia/SIA-TP1/levels/default_levels.txt,Nivel 2 - Dos cajas,2,121,1,42,162,greedy,Greedy,combined,non_optimal,Greedy (combined),0.00022029999672668055,7,19,4,Success,0,0,7
/home/narias/sia/SIA-TP1/levels/default_levels.txt,Nivel 2 - Dos cajas,2,122,2,42,163,greedy,Greedy,combined,non_optimal,Greedy (combined),0.00021619899780489504,7,19,4,Success,0,0,7
/home/narias/sia/SIA-TP1/levels/default_levels.txt,Nivel 2 - Dos cajas,2,123,3,42,164,greedy,Greedy,combined,non_optimal,Greedy (combined),0.0002179000002797693,7,19,4,Success,0,0,7
/home/narias/sia/SIA-TP1/levels/default_levels.txt,Nivel 2 - Dos cajas,2,124,4,42,165,greedy,Greedy,combined,non_optimal,Greedy (combined),0.00023370000417344272,7,19,4,Success,0,0,7
/home/narias/sia/SIA-TP1/levels/default_levels.txt,Nivel 2 - Dos cajas,2,125,5,42,166,greedy,Greedy,combined,non_optimal,Greedy (combined),0.0002176000052713789,7,19,4,Success,0,0,7
/home/narias/sia/SIA-TP1/levels/default_levels.txt,Nivel 2 - Dos cajas,2,126,6,42,167,greedy,Greedy,combined,non_optimal,Greedy (combined),0.00021520000154851004,7,19,4,Success,0,0,7
/home/narias/sia/SIA-TP1/levels/default_levels.txt,Nivel 2 - Dos cajas,2,127,7,42,168,greedy,Greedy,combined,non_optimal,Greedy (combined),0.0002145000034943223,7,19,4,Success,0,0,7
/home/narias/sia/SIA-TP1/levels/default_levels.txt,Nivel 2 - Dos cajas,2,128,8,42,169,greedy,Greedy,combined,non_optimal,Greedy (combined),0.00021239999477984384,7,19,4,Success,0,0,7
/home/narias/sia/SIA-TP1/levels/default_levels.txt,Nivel 2 - Dos cajas,2,129,9,42,170,greedy,Greedy,combined,non_optimal,Greedy (combined),0.00021249999554129317,7,19,4,Success,0,0,7
/home/narias/sia/SIA-TP1/levels/default_levels.txt,Nivel 2 - Dos cajas,2,130,10,42,171,greedy,Greedy,combined,non_optimal,Greedy (combined),0.00021329999435693026,7,19,4,Success,0,0,7
/home/narias/sia/SIA-TP1/levels/default_levels.txt,Nivel 2 - Dos cajas,2,131,1,42,172,a_star,A*,static_deadlock,optimal,A* (static_deadlock),0.0006898990031913854,7,71,19,Success,0,0,0
/home/narias/sia/SIA-TP1/levels/default_levels.txt,Nivel 2 - Dos cajas,2,132,2,42,173,a_star,A*,static_deadlock,optimal,A* (static_deadlock),0.0004885999951511621,7,71,19,Success,0,0,0
/home/narias/sia/SIA-TP1/levels/default_levels.txt,Nivel 2 - Dos cajas,2,133,3,42,174,a_star,A*,static_deadlock,optimal,A* (static_deadlock),0.00048439999955007806,7,71,19,Success,0,0,0
/home/narias/sia/SIA-TP1/levels/default_levels.txt,Nivel 2 - Dos cajas,2,134,4,42,175,a_star,A*,static_deadlock,optimal,A* (static_deadlock),0.000515899999300018,7,71,19,Success,0,0,0
/home/narias/sia/SIA-TP1/levels/default_levels.txt,Nivel 2 - Dos cajas,2,135,5,42,176,a_star,A*,static_deadlock,optimal,A* (static_deadlock),0.0005161000008229166,7,71,19,Success,0,0,0
/home/narias/sia/SIA-TP1/levels/default_levels.txt,Nivel 2 - Dos cajas,2,136,6,42,177,a_star,A*,static_deadlock,optimal,A* (static_deadlock),0.0005325999954948202,7,71,19,Success,0,0,0
/home/narias/sia/SIA-TP1/levels/default_levels.txt,Nivel 2 - Dos cajas,2,137,7,42,178,a_star,A*,static_deadlock,optimal,A* (static_deadlock),0.000494200001412537,7,71,19,Success,0,0,0
/home/narias/sia/SIA-TP1/levels/default_levels.txt,Nivel 2 - Dos cajas,2,138,8,42,179,a_star,A*,static_deadlock,optimal,A* (static_deadlock),0.0005143000016687438,7,71,19,Success,0,0,0
/home/narias/sia/SIA-TP1/levels/default_levels.txt,Nivel 2 - Dos cajas,2,139,9,42,180,a_star,A*,static_deadlock,optimal,A* (static_deadlock),0.0004861999987042509,7,71,19,Success,0,0,0
/home/narias/sia/SIA-TP1/levels/default_levels.txt,Nivel 2 - Dos cajas,2,140,10,42,181,a_star,A*,static_deadlock,optimal,A* (static_deadlock),0.00048230000538751483,7,71,19,Success,0,0,0
/home/narias/sia/SIA-TP1/levels/default_levels.txt,Nivel 2 - Dos cajas,2,141,1,42,182,a_star,A*,min_matching,optimal,A* (min_matching),0.0007507990012527443,7,43,15,Success,0,0,0
/home/narias/sia/SIA-TP1/levels/default_levels.txt,Nivel 2 - Dos cajas,2,142,2,42,183,a_star,A*,min_matching,optimal,A* (min_matching),0.0005104999945615418,7,43,15,Success,0,0,0
/home/narias/sia/SIA-TP1/levels/default_levels.txt,Nivel 2 - Dos cajas,2,143,3,42,184,a_star,A*,min_matching,optimal,A* (min_matching),0.0007552000024588779,7,43,15,Success,0,0,0
/home/narias/sia/SIA-TP1/levels/default_levels.txt,Nivel 2 - Dos cajas,2,144,4,42,185,a_star,A*,min_matching,optimal,A* (min_matching),0.0005556999967666343,7,43,15,Success,0,0,0
/home/narias/sia/SIA-TP1/levels/default_levels.txt,Nivel 2 - Dos cajas,2,145,5,42,186,a_star,A*,min_matching,optimal,A* (min_matching),0.0005065000004833564,7,43,15,Success,0,0,0
/home/narias/sia/SIA-TP1/levels/default_levels.txt,Nivel 2 - Dos cajas,2,146,6,42,187,a_star,A*,min_matching,optimal,A* (min_matching),0.0005060990006313659,7,43,15,Success,0,0,0
/home/narias/sia/SIA-TP1/levels/default_levels.txt,Nivel 2 - Dos cajas,2,147,7,42,188,a_star,A*,min_matching,optimal,A* (min_matching),0.0005033999987062998,7,43,15,Success,0,0,0
/home/narias/sia/SIA-TP1/levels/default_levels.txt,Nivel 2 - Dos cajas,2,148,8,42,189,a_star,A*,min_matching,optimal,A* (min_matching),0.0005369999998947605,7,43,15,Success,0,0,0
/home/narias/sia/SIA-TP1/levels/default_levels.txt,Nivel 2 - Dos cajas,2,149,9,42,190,a_star,A*,min_matching,optimal,A* (min_matching),0.0005078999965917319,7,43,15,Success,0,0,0
/home/narias/sia/SIA-TP1/levels/default_levels.txt,Nivel 2 - Dos cajas,2,150,10,42,191,a_star,A*,min_matching,optimal,A* (min_matching),0.0005097999965073541,7,43,15,Success,0,0,0
/home/narias/sia/SIA-TP1/levels/default_levels.txt,Nivel 2 - Dos cajas,2,151,1,42,192,a_star,A*,combined,optimal,A* (combined),0.0009009989953483455,7,43,15,Success,0,0,0
/home/narias/sia/SIA-TP1/levels/default_levels.txt,Nivel 2 - Dos cajas,2,152,2,42,193,a_star,A*,combined,optimal,A* (combined),0.0007016000017756596,7,43,15,Success,0,0,0
/home/narias/sia/SIA-TP1/levels/default_levels.txt,Nivel 2 - Dos cajas,2,153,3,42,194,a_star,A*,combined,optimal,A* (combined),0.0008287000018754043,7,43,15,Success,0,0,0
/home/narias/sia/SIA-TP1/levels/default_levels.txt,Nivel 2 - Dos cajas,2,154,4,42,195,a_star,A*,combined,optimal,A* (combined),0.0007179989988799207,7,43,15,Success,0,0,0
/home/narias/sia/SIA-TP1/levels/default_levels.txt,Nivel 2 - Dos cajas,2,155,5,42,196,a_star,A*,combined,optimal,A* (combined),0.0006777999951737002,7,43,15,Success,0,0,0
/home/narias/sia/SIA-TP1/levels/default_levels.txt,Nivel 2 - Dos cajas,2,156,6,42,197,a_star,A*,combined,optimal,A* (combined),0.0006997999953455292,7,43,15,Success,0,0,0
/home/narias/sia/SIA-TP1/levels/default_levels.txt,Nivel 2 - Dos cajas,2,157,7,42,198,a_star,A*,combined,optimal,A* (combined),0.0007502999942516908,7,43,15,Success,0,0,0
/home/narias/sia/SIA-TP1/levels/default_levels.txt,Nivel 2 - Dos cajas,2,158,8,42,199,a_star,A*,combined,optimal,A* (combined),0.0009351990011055022,7,43,15,Success,0,0,0
/home/narias/sia/SIA-TP1/levels/default_levels.txt,Nivel 2 - Dos cajas,2,159,9,42,200,a_star,A*,combined,optimal,A* (combined),0.0006676000048173591,7,43,15,Success,0,0,0
/home/narias/sia/SIA-TP1/levels/default_levels.txt,Nivel 2 - Dos cajas,2,160,10,42,201,a_star,A*,combined,optimal,A* (combined),0.0009006999971461482,7,43,15,Success,0,0,0
/home/narias/sia/SIA-TP1/levels/default_levels.txt,Nivel 3 - Sala abierta,3,161,1,42,202,bfs,BFS,none,optimal,BFS,0.022648692000075243,15,4171,879,Success,0,0,0
/home/narias/sia/SIA-TP1/levels/default_levels.txt,Nivel 3 - Sala abierta,3,162,2,42,203,bfs,BFS,none,optimal,BFS,0.019903592998161912,15,4171,879,Success,0,0,0
/home/narias/sia/SIA-TP1/levels/default_levels.txt,Nivel 3 - Sala abierta,3,163,3,42,204,bfs,BFS,none,optimal,BFS,0.020555292001517955,15,4171,879,Success,0,0,0
/home/narias/sia/SIA-TP1/levels/default_levels.txt,Nivel 3 - Sala abierta,3,164,4,42,205,bfs,BFS,none,optimal,BFS,0.020810992995393462,15,4171,879,Success,0,0,0
/home/narias/sia/SIA-TP1/levels/default_levels.txt,Nivel 3 - Sala abierta,3,165,5,42,206,bfs,BFS,none,optimal,BFS,0.02590049100399483,15,4171,879,Success,0,0,0
/home/narias/sia/SIA-TP1/levels/default_levels.txt,Nivel 3 - Sala abierta,3,166,6,42,207,bfs,BFS,none,optimal,BFS,0.023696090996963903,15,4171,879,Success,0,0,0
/home/narias/sia/SIA-TP1/levels/default_levels.txt,Nivel 3 - Sala abierta,3,167,7,42,208,bfs,BFS,none,optimal,BFS,0.02212939300079597,15,4171,879,Success,0,0,0
/home/narias/sia/SIA-TP1/levels/default_levels.txt,Nivel 3 - Sala abierta,3,168,8,42,209,bfs,BFS,none,optimal,BFS,0.06078767799772322,15,4171,879,Success,0,0,0
/home/narias/sia/SIA-TP1/levels/default_levels.txt,Nivel 3 - Sala abierta,3,169,9,42,210,bfs,BFS,none,optimal,BFS,0.022950892001972534,15,4171,879,Success,0,0,0
/home/narias/sia/SIA-TP1/levels/default_levels.txt,Nivel 3 - Sala abierta,3,170,10,42,211,bfs,BFS,none,optimal,BFS,0.02264429200295126,15,4171,879,Success,0,0,0
/home/narias/sia/SIA-TP1/levels/default_levels.txt,Nivel 3 - Sala abierta,3,171,1,42,212,dfs,DFS,none,non_optimal,DFS,0.014888595003867522,78,3179,75,Success,0,0,0
/home/narias/sia/SIA-TP1/levels/default_levels.txt,Nivel 3 - Sala abierta,3,172,2,42,213,dfs,DFS,none,non_optimal,DFS,0.01497159500286216,78,3179,75,Success,0,0,0
/home/narias/sia/SIA-TP1/levels/default_levels.txt,Nivel 3 - Sala abierta,3,173,3,42,214,dfs,DFS,none,non_optimal,DFS,0.014341695001348853,78,3179,75,Success,0,0,0
/home/narias/sia/SIA-TP1/levels/default_levels.txt,Nivel 3 - Sala abierta,3,174,4,42,215,dfs,DFS,none,non_optimal,DFS,0.01371369600383332,78,3179,75,Success,0,0,0
/home/narias/sia/SIA-TP1/levels/default_levels.txt,Nivel 3 - Sala abierta,3,175,5,42,216,dfs,DFS,none,non_optimal,DFS,0.0146188959988649,78,3179,75,Success,0,0,0
/home/narias/sia/SIA-TP1/levels/default_levels.txt,Nivel 3 - Sala abierta,3,176,6,42,217,dfs,DFS,none,non_optimal,DFS,0.016964094000286423,78,3179,75,Success,0,0,0
/home/narias/sia/SIA-TP1/levels/default_levels.txt,Nivel 3 - Sala abierta,3,177,7,42,218,dfs,DFS,none,non_optimal,DFS,0.014949395001167431,78,3179,75,Success,0,0,0
/home/narias/sia/SIA-TP1/levels/default_levels.txt,Nivel 3 - Sala abierta,3,178,8,42,219,dfs,DFS,none,non_optimal,DFS,0.015266294998582453,78,3179,75,Success,0,0,0
/home/narias/sia/SIA-TP1/levels/default_levels.txt,Nivel 3 - Sala abierta,3,179,9,42,220,dfs,DFS,none,non_optimal,DFS,0.014808294996328186,78,3179,75,Success,0,0,0
/home/narias/sia/SIA-TP1/levels/default_levels.txt,Nivel 3 - Sala abierta,3,180,10,42,221,dfs,DFS,none,non_optimal,DFS,0.014512294997985009,78,3179,75,Success,0,0,0
/home/narias/sia/SIA-TP1/levels/default_levels.txt,Nivel 3 - Sala abierta,3,181,1,42,222,greedy,Greedy,static_deadlock,non_optimal,Greedy (static_deadlock),0.005357998998078983,15,680,207,Success,0,0,342
/home/narias/sia/SIA-TP1/levels/default_levels.txt,Nivel 3 - Sala abierta,3,182,2,42,223,greedy,Greedy,static_deadlock,non_optimal,Greedy (static_deadlock),0.004734398004075047,15,680,207,Success,0,0,342
/home/narias/sia/SIA-TP1/levels/default_levels.txt,Nivel 3 - Sala abierta,3,183,3,42,224,greedy,Greedy,static_deadlock,non_optimal,Greedy (static_deadlock),0.004927697998937219,15,680,207,Success,0,0,342
/home/narias/sia/SIA-TP1/levels/default_levels.txt,Nivel 3 - Sala abierta,3,184,4,42,225,greedy,Greedy,static_deadlock,non_optimal,Greedy (static_deadlock),0.006217898000613786,15,680,207,Success,0,0,342
/home/narias/sia/SIA-TP1/levels/default_levels.txt,Nivel 3 - Sala abierta,3,185,5,42,226,greedy,Greedy,static_deadlock,non_optimal,Greedy (static_deadlock),0.005022499004553538,15,680,207,Success,0,0,342
/home/narias/sia/SIA-TP1/levels/default_levels.txt,Nivel 3 - Sala abierta,3,186,6,42,227,greedy,Greedy,static_deadlock,non_optimal,Greedy (static_deadlock),0.004800197995791677,15,680,207,Success,0,0,342
/home/narias/sia/SIA-TP1/levels/default_levels.txt,Nivel 3 - Sala abierta,3,187,7,42,228,greedy,Greedy,static_deadlock,non_optimal,Greedy (static_deadlock),0.005566698004258797,15,680,207,Success,0,0,342
/home/narias/sia/SIA-TP1/levels/default_levels.txt,Nivel 3 - Sala abierta,3,188,8,42,229,greedy,Greedy,static_deadlock,non_optimal,Greedy (static_deadlock),0.004888399002084043,15,680,207,Success,0,0,342
/home/narias/sia/SIA-TP1/levels/default_levels.txt,Nivel 3 - Sala abierta,3,189,9,42,230,greedy,Greedy,static_deadlock,non_optimal,Greedy (static_deadlock),0.004774397995788604,15,680,207,Success,0,0,342
/home/narias/sia/SIA-TP1/levels/default_levels.txt,Nivel 3 - Sala abierta,3,190,10,42,231,greedy,Greedy,static_deadlock,non_optimal,Greedy (static_deadlock),0.005443597998237237,15,680,207,Success,0,0,342
/home/narias/sia/SIA-TP1/levels/default_levels.txt,Nivel 3 - Sala abierta,3,191,1,42,232,greedy,Greedy,min_matching,non_optimal,Greedy (min_matching),0.0010522000011405908,17,47,31,Success,0,0,18
/home/narias/sia/SIA-TP1/levels/default_levels.txt,Nivel 3 - Sala abierta,3,192,2,42,233,greedy,Greedy,min_matching,non_optimal,Greedy (min_matching),0.0009774989957804792,17,47,31,Success,0,0,18
/home/narias/sia/SIA-TP1/levels/default_levels.txt,Nivel 3 - Sala abierta,3,193,3,42,234,greedy,Greedy,min_matching,non_optimal,Greedy (min_matching),0.0008511999985785224,17,47,31,Success,0,0,18
/home/narias/sia/SIA-TP1/levels/default_levels.txt,Nivel 3 - Sala abierta,3,194,4,42,235,greedy,Greedy,min_matching,non_optimal,Greedy (min_matching),0.0007699000052525662,17,47,31,Success,0,0,18
/home/narias/sia/SIA-TP1/levels/default_levels.txt,Nivel 3 - Sala abierta,3,195,5,42,236,greedy,Greedy,min_matching,non_optimal,Greedy (min_matching),0.0007247000030474737,17,47,31,Success,0,0,18
/home/narias/sia/SIA-TP1/levels/default_levels.txt,Nivel 3 - Sala abierta,3,196,6,42,237,greedy,Greedy,min_matching,non_optimal,Greedy (min_matching),0.0007624990030308254,17,47,31,Success,0,0,18
/home/narias/sia/SIA-TP1/levels/default_levels.txt,Nivel 3 - Sala abierta,3,197,7,42,238,greedy,Greedy,min_matching,non_optimal,Greedy (min_matching),0.000727700004063081,17,47,31,Success,0,0,18
/home/narias/sia/SIA-TP1/levels/default_levels.txt,Nivel 3 - Sala abierta,3,198,8,42,239,greedy,Greedy,min_matching,non_optimal,Greedy (min_matching),0.0007671999992453493,17,47,31,Success,0,0,18
/home/narias/sia/SIA-TP1/levels/default_levels.txt,Nivel 3 - Sala abierta,3,199,9,42,240,greedy,Greedy,min_matching,non_optimal,Greedy (min_matching),0.0007684000011067837,17,47,31,Success,0,0,18
/home/narias/sia/SIA-TP1/levels/default_levels.txt,Nivel 3 - Sala abierta,3,200,10,42,241,greedy,Greedy,min_matching,non_optimal,Greedy (min_matching),0.000808398996014148,17,47,31,Success,0,0,18
/home/narias/sia/SIA-TP1/levels/default_levels.txt,Nivel 3 - Sala abierta,3,201,1,42,242,greedy,Greedy,combined,non_optimal,Greedy (combined),0.0009409000049345195,17,47,31,Success,0,0,18
/home/narias/sia/SIA-TP1/levels/default_levels.txt,Nivel 3 - Sala abierta,3,202,2,42,243,greedy,Greedy,combined,non_optimal,Greedy (combined),0.0010250999985146336,17,47,31,Success,0,0,18
/home/narias/sia/SIA-TP1/levels/default_levels.txt,Nivel 3 - Sala abierta,3,203,3,42,244,greedy,Greedy,combined,non_optimal,Greedy (combined),0.0009137989982264116,17,47,31,Success,0,0,18
/home/narias/sia/SIA-TP1/levels/default_levels.txt,Nivel 3 - Sala abierta,3,204,4,42,245,greedy,Greedy,combined,non_optimal,Greedy (combined),0.0009322999976575375,17,47,31,Success,0,0,18
/home/narias/sia/SIA-TP1/levels/default_levels.txt,Nivel 3 - Sala abierta,3,205,5,42,246,greedy,Greedy,combined,non_optimal,Greedy (combined),0.0009256999983335845,17,47,31,Success,0,0,18
/home/narias/sia/SIA-TP1/levels/default_levels.txt,Nivel 3 - Sala abierta,3,206,6,42,247,greedy,Greedy,combined,non_optimal,Greedy (combined),0.001049399004841689,17,47,31,Success,0,0,18
/home/narias/sia/SIA-TP1/levels/default_levels.txt,Nivel 3 - Sala abierta,3,207,7,42,248,greedy,Greedy,combined,non_optimal,Greedy (combined),0.0010361999957240187,17,47,31,Success,0,0,18
/home/narias/sia/SIA-TP1/levels/default_levels.txt,Nivel 3 - Sala abierta,3,208,8,42,249,greedy,Greedy,combined,non_optimal,Greedy (combined),0.0011643999969237484,17,47,31,Success,0,0,18
/home/narias/sia/SIA-TP1/levels/default_levels.txt,Nivel 3 - Sala abierta,3,209,9,42,250,greedy,Greedy,combined,non_optimal,Greedy (combined),0.0009811990021262318,17,47,31,Success,0,0,18
/home/narias/sia/SIA-TP1/levels/default_levels.txt,Nivel 3 - Sala abierta,3,210,10,42,251,greedy,Greedy,combined,non_optimal,Greedy (combined),0.0011543000000528991,17,47,31,Success,0,0,18
/home/narias/sia/SIA-TP1/levels/default_levels.txt,Nivel 3 - Sala abierta,3,211,1,42,252,a_star,A*,static_deadlock,optimal,A* (static_deadlock),0.005381898001360241,15,680,125,Success,0,0,0
/home/narias/sia/SIA-TP1/levels/default_levels.txt,Nivel 3 - Sala abierta,3,212,2,42,253,a_star,A*,static_deadlock,optimal,A* (static_deadlock),0.0057295980004710145,15,680,125,Success,0,0,0
/home/narias/sia/SIA-TP1/levels/default_levels.txt,Nivel 3 - Sala abierta,3,213,3,42,254,a_star,A*,static_deadlock,optimal,A* (static_deadlock),0.005976398002530914,15,680,125,Success,0,0,0
/home/narias/sia/SIA-TP1/levels/default_levels.txt,Nivel 3 - Sala abierta,3,214,4,42,255,a_star,A*,static_deadlock,optimal,A* (static_deadlock),0.006350298004690558,15,680,125,Success,0,0,0
/home/narias/sia/SIA-TP1/levels/default_levels.txt,Nivel 3 - Sala abierta,3,215,5,42,256,a_star,A*,static_deadlock,optimal,A* (static_deadlock),0.004881397995632142,15,680,125,Success,0,0,0
/home/narias/sia/SIA-TP1/levels/default_levels.txt,Nivel 3 - Sala abierta,3,216,6,42,257,a_star,A*,static_deadlock,optimal,A* (static_deadlock),0.005419998997240327,15,680,125,Success,0,0,0
/home/narias/sia/SIA-TP1/levels/default_levels.txt,Nivel 3 - Sala abierta,3,217,7,42,258,a_star,A*,static_deadlock,optimal,A* (static_deadlock),0.005428597993159201,15,680,125,Success,0,0,0
/home/narias/sia/SIA-TP1/levels/default_levels.txt,Nivel 3 - Sala abierta,3,218,8,42,259,a_star,A*,static_deadlock,optimal,A* (static_deadlock),0.005035198002588004,15,680,125,Success,0,0,0
/home/narias/sia/SIA-TP1/levels/default_levels.txt,Nivel 3 - Sala abierta,3,219,9,42,260,a_star,A*,static_deadlock,optimal,A* (static_deadlock),0.005156997998710722,15,680,125,Success,0,0,0
/home/narias/sia/SIA-TP1/levels/default_levels.txt,Nivel 3 - Sala abierta,3,220,10,42,261,a_star,A*,static_deadlock,optimal,A* (static_deadlock),0.00541399900248507,15,680,125,Success,0,0,0
/home/narias/sia/SIA-TP1/levels/default_levels.txt,Nivel 3 - Sala abierta,3,221,1,42,262,a_star,A*,min_matching,optimal,A* (min_matching),0.0026352989953011274,15,133,91,Success,0,0,0
/home/narias/sia/SIA-TP1/levels/default_levels.txt,Nivel 3 - Sala abierta,3,222,2,42,263,a_star,A*,min_matching,optimal,A* (min_matching),0.0023409990026266314,15,133,91,Success,0,0,0
/home/narias/sia/SIA-TP1/levels/default_levels.txt,Nivel 3 - Sala abierta,3,223,3,42,264,a_star,A*,min_matching,optimal,A* (min_matching),0.002332898999156896,15,133,91,Success,0,0,0
/home/narias/sia/SIA-TP1/levels/default_levels.txt,Nivel 3 - Sala abierta,3,224,4,42,265,a_star,A*,min_matching,optimal,A* (min_matching),0.002649299000040628,15,133,91,Success,0,0,0
/home/narias/sia/SIA-TP1/levels/default_levels.txt,Nivel 3 - Sala abierta,3,225,5,42,266,a_star,A*,min_matching,optimal,A* (min_matching),0.002831899000739213,15,133,91,Success,0,0,0
/home/narias/sia/SIA-TP1/levels/default_levels.txt,Nivel 3 - Sala abierta,3,226,6,42,267,a_star,A*,min_matching,optimal,A* (min_matching),0.0026645990001270548,15,133,91,Success,0,0,0
/home/narias/sia/SIA-TP1/levels/default_levels.txt,Nivel 3 - Sala abierta,3,227,7,42,268,a_star,A*,min_matching,optimal,A* (min_matching),0.0027919990025111474,15,133,91,Success,0,0,0
/home/narias/sia/SIA-TP1/levels/default_levels.txt,Nivel 3 - Sala abierta,3,228,8,42,269,a_star,A*,min_matching,optimal,A* (min_matching),0.0026966000004904345,15,133,91,Success,0,0,0
/home/narias/sia/SIA-TP1/levels/default_levels.txt,Nivel 3 - Sala abierta,3,229,9,42,270,a_star,A*,min_matching,optimal,A* (min_matching),0.002401498997642193,15,133,91,Success,0,0,0
/home/narias/sia/SIA-TP1/levels/default_levels.txt,Nivel 3 - Sala abierta,3,230,10,42,271,a_star,A*,min_matching,optimal,A* (min_matching),0.002479499002220109,15,133,91,Success,0,0,0
/home/narias/sia/SIA-TP1/levels/default_levels.txt,Nivel 3 - Sala abierta,3,231,1,42,272,a_star,A*,combined,optimal,A* (combined),0.0031035989959491417,15,133,91,Success,0,0,0
/home/narias/sia/SIA-TP1/levels/default_levels.txt,Nivel 3 - Sala abierta,3,232,2,42,273,a_star,A*,combined,optimal,A* (combined),0.0032138989990926348,15,133,91,Success,0,0,0
/home/narias/sia/SIA-TP1/levels/default_levels.txt,Nivel 3 - Sala abierta,3,233,3,42,274,a_star,A*,combined,optimal,A* (combined),0.002977798998472281,15,133,91,Success,0,0,0
/home/narias/sia/SIA-TP1/levels/default_levels.txt,Nivel 3 - Sala abierta,3,234,4,42,275,a_star,A*,combined,optimal,A* (combined),0.003406399002415128,15,133,91,Success,0,0,0
/home/narias/sia/SIA-TP1/levels/default_levels.txt,Nivel 3 - Sala abierta,3,235,5,42,276,a_star,A*,combined,optimal,A* (combined),0.0029493990004993975,15,133,91,Success,0,0,0
/home/narias/sia/SIA-TP1/levels/default_levels.txt,Nivel 3 - Sala abierta,3,236,6,42,277,a_star,A*,combined,optimal,A* (combined),0.0031237990042427555,15,133,91,Success,0,0,0
/home/narias/sia/SIA-TP1/levels/default_levels.txt,Nivel 3 - Sala abierta,3,237,7,42,278,a_star,A*,combined,optimal,A* (combined),0.003203898995707277,15,133,91,Success,0,0,0
/home/narias/sia/SIA-TP1/levels/default_levels.txt,Nivel 3 - Sala abierta,3,238,8,42,279,a_star,A*,combined,optimal,A* (combined),0.003562097997928504,15,133,91,Success,0,0,0
/home/narias/sia/SIA-TP1/levels/default_levels.txt,Nivel 3 - Sala abierta,3,239,9,42,280,a_star,A*,combined,optimal,A* (combined),0.002975998999318108,15,133,91,Success,0,0,0
/home/narias/sia/SIA-TP1/levels/default_levels.txt,Nivel 3 - Sala abierta,3,240,10,42,281,a_star,A*,combined,optimal,A* (combined),0.0029901989983045496,15,133,91,Success,0,0,0
/home/narias/sia/SIA-TP1/levels/default_levels.txt,Nivel 4 - Pasillo,4,241,1,42,282,bfs,BFS,none,optimal,BFS,0.0017998999974224716,13,422,126,Success,0,0,0
/home/narias/sia/SIA-TP1/levels/default_levels.txt,Nivel 4 - Pasillo,4,242,2,42,283,bfs,BFS,none,optimal,BFS,0.001947898999787867,13,422,126,Success,0,0,0
/home/narias/sia/SIA-TP1/levels/default_levels.txt,Nivel 4 - Pasillo,4,243,3,42,284,bfs,BFS,none,optimal,BFS,0.0016559990035602823,13,422,126,Success,0,0,0
/home/narias/sia/SIA-TP1/levels/default_levels.txt,Nivel 4 - Pasillo,4,244,4,42,285,bfs,BFS,none,optimal,BFS,0.0017377000040141866,13,422,126,Success,0,0,0
/home/narias/sia/SIA-TP1/levels/default_levels.txt,Nivel 4 - Pasillo,4,245,5,42,286,bfs,BFS,none,optimal,BFS,0.0018542990001151338,13,422,126,Success,0,0,0
/home/narias/sia/SIA-TP1/levels/default_levels.txt,Nivel 4 - Pasillo,4,246,6,42,287,bfs,BFS,none,optimal,BFS,0.001536200004920829,13,422,126,Success,0,0,0
/home/narias/sia/SIA-TP1/levels/default_levels.txt,Nivel 4 - Pasillo,4,247,7,42,288,bfs,BFS,none,optimal,BFS,0.0015641989957657643,13,422,126,Success,0,0,0
/home/narias/sia/SIA-TP1/levels/default_levels.txt,Nivel 4 - Pasillo,4,248,8,42,289,bfs,BFS,none,optimal,BFS,0.0017508000019006431,13,422,126,Success,0,0,0
/home/narias/sia/SIA-TP1/levels/default_levels.txt,Nivel 4 - Pasillo,4,249,9,42,290,bfs,BFS,none,optimal,BFS,0.001571599001181312,13,422,126,Success,0,0,0
/home/narias/sia/SIA-TP1/levels/default_levels.txt,Nivel 4 - Pasillo,4,250,10,42,291,bfs,BFS,none,optimal,BFS,0.0015793000056874007,13,422,126,Success,0,0,0
/home/narias/sia/SIA-TP1/levels/default_levels.txt,Nivel 4 - Pasillo,4,251,1,42,292,dfs,DFS,none,non_optimal,DFS,0.01333099500334356,120,3325,78,Success,0,0,0
/home/narias/sia/SIA-TP1/levels/default_levels.txt,Nivel 4 - Pasillo,4,252,2,42,293,dfs,DFS,none,non_optimal,DFS,0.013668795996636618,120,3325,78,Success,0,0,0
/home/narias/sia/SIA-TP1/levels/default_levels.txt,Nivel 4 - Pasillo,4,253,3,42,294,dfs,DFS,none,non_optimal,DFS,0.014002194999193307,120,3325,78,Success,0,0,0
/home/narias/sia/SIA-TP1/levels/default_levels.txt,Nivel 4 - Pasillo,4,254,4,42,295,dfs,DFS,none,non_optimal,DFS,0.05246808299853001,120,3325,78,Success,0,0,0
/home/narias/sia/SIA-TP1/levels/default_levels.txt,Nivel 4 - Pasillo,4,255,5,42,296,dfs,DFS,none,non_optimal,DFS,0.013971694999781903,120,3325,78,Success,0,0,0
/home/narias/sia/SIA-TP1/levels/default_levels.txt,Nivel 4 - Pasillo,4,256,6,42,297,dfs,DFS,none,non_optimal,DFS,0.014101396001933608,120,3325,78,Success,0,0,0
/home/narias/sia/SIA-TP1/levels/default_levels.txt,Nivel 4 - Pasillo,4,257,7,42,298,dfs,DFS,none,non_optimal,DFS,0.012883594994491432,120,3325,78,Success,0,0,0
/home/narias/sia/SIA-TP1/levels/default_levels.txt,Nivel 4 - Pasillo,4,258,8,42,299,dfs,DFS,none,non_optimal,DFS,0.012454596006136853,120,3325,78,Success,0,0,0
/home/narias/sia/SIA-TP1/levels/default_levels.txt,Nivel 4 - Pasillo,4,259,9,42,300,dfs,DFS,none,non_optimal,DFS,0.01512629500211915,120,3325,78,Success,0,0,0
/home/narias/sia/SIA-TP1/levels/default_levels.txt,Nivel 4 - Pasillo,4,260,10,42,301,dfs,DFS,none,non_optimal,DFS,0.012571095998282544,120,3325,78,Success,0,0,0
/home/narias/sia/SIA-TP1/levels/default_levels.txt,Nivel 4 - Pasillo,4,261,1,42,302,greedy,Greedy,static_deadlock,non_optimal,Greedy (static_deadlock),0.0015957989962771535,13,235,44,Success,0,0,66
/home/narias/sia/SIA-TP1/levels/default_levels.txt,Nivel 4 - Pasillo,4,262,2,42,303,greedy,Greedy,static_deadlock,non_optimal,Greedy (static_deadlock),0.001334200002020225,13,235,44,Success,0,0,66
/home/narias/sia/SIA-TP1/levels/default_levels.txt,Nivel 4 - Pasillo,4,263,3,42,304,greedy,Greedy,static_deadlock,non_optimal,Greedy (static_deadlock),0.0013551000010920689,13,235,44,Success,0,0,66
/home/narias/sia/SIA-TP1/levels/default_levels.txt,Nivel 4 - Pasillo,4,264,4,42,305,greedy,Greedy,static_deadlock,non_optimal,Greedy (static_deadlock),0.0019161989985150285,13,235,44,Success,0,0,66
/home/narias/sia/SIA-TP1/levels/default_levels.txt,Nivel 4 - Pasillo,4,265,5,42,306,greedy,Greedy,static_deadlock,non_optimal,Greedy (static_deadlock),0.0016815989947644994,13,235,44,Success,0,0,66
/home/narias/sia/SIA-TP1/levels/default_levels.txt,Nivel 4 - Pasillo,4,266,6,42,307,greedy,Greedy,static_deadlock,non_optimal,Greedy (static_deadlock),0.0017115000009653158,13,235,44,Success,0,0,66
/home/narias/sia/SIA-TP1/levels/default_levels.txt,Nivel 4 - Pasillo,4,267,7,42,308,greedy,Greedy,static_deadlock,non_optimal,Greedy (static_deadlock),0.0013401989999692887,13,235,44,Success,0,0,66
/home/narias/sia/SIA-TP1/levels/default_levels.txt,Nivel 4 - Pasillo,4,268,8,42,309,greedy,Greedy,static_deadlock,non_optimal,Greedy (static_deadlock),0.0014051999969524331,13,235,44,Success,0,0,66
/home/narias/sia/SIA-TP1/levels/default_levels.txt,Nivel 4 - Pasillo,4,269,9,42,310,greedy,Greedy,static_deadlock,non_optimal,Greedy (static_deadlock),0.0014349990015034564,13,235,44,Success,0,0,66
/home/narias/sia/SIA-TP1/levels/default_levels.txt,Nivel 4 - Pasillo,4,270,10,42,311,greedy,Greedy,static_deadlock,non_optimal,Greedy (static_deadlock),0.0014183000021148473,13,235,44,Success,0,0,66
/home/narias/sia/SIA-TP1/levels/default_levels.txt,Nivel 4 - Pasillo,4,271,1,42,312,greedy,Greedy,min_matching,non_optimal,Greedy (min_matching),0.00038359999598469585,13,26,14,Success,0,0,4
/home/narias/sia/SIA-TP1/levels/default_levels.txt,Nivel 4 - Pasillo,4,272,2,42,313,greedy,Greedy,min_matching,non_optimal,Greedy (min_matching),0.00032579999970039353,13,26,14,Success,0,0,4
/home/narias/sia/SIA-TP1/levels/default_levels.txt,Nivel 4 - Pasillo,4,273,3,42,314,greedy,Greedy,min_matching,non_optimal,Greedy (min_matching),0.0003238989957026206,13,26,14,Success,0,0,4
/home/narias/sia/SIA-TP1/levels/default_levels.txt,Nivel 4 - Pasillo,4,274,4,42,315,greedy,Greedy,min_matching,non_optimal,Greedy (min_matching),0.0003224000029149465,13,26,14,Success,0,0,4
/home/narias/sia/SIA-TP1/levels/default_levels.txt,Nivel 4 - Pasillo,4,275,5,42,316,greedy,Greedy,min_matching,non_optimal,Greedy (min_matching),0.00033650000113993883,13,26,14,Success,0,0,4
/home/narias/sia/SIA-TP1/levels/default_levels.txt,Nivel 4 - Pasillo,4,276,6,42,317,greedy,Greedy,min_matching,non_optimal,Greedy (min_matching),0.0003223999956389889,13,26,14,Success,0,0,4
/home/narias/sia/SIA-TP1/levels/default_levels.txt,Nivel 4 - Pasillo,4,277,7,42,318,greedy,Greedy,min_matching,non_optimal,Greedy (min_matching),0.0003243000028305687,13,26,14,Success,0,0,4
/home/narias/sia/SIA-TP1/levels/default_levels.txt,Nivel 4 - Pasillo,4,278,8,42,319,greedy,Greedy,min_matching,non_optimal,Greedy (min_matching),0.0003217999983462505,13,26,14,Success,0,0,4
/home/narias/sia/SIA-TP1/levels/default_levels.txt,Nivel 4 - Pasillo,4,279,9,42,320,greedy,Greedy,min_matching,non_optimal,Greedy (min_matching),0.00032279999868478626,13,26,14,Success,0,0,4
/home/narias/sia/SIA-TP1/levels/default_levels.txt,Nivel 4 - Pasillo,4,280,10,42,321,greedy,Greedy,min_matching,non_optimal,Greedy (min_matching),0.00035650000063469633,13,26,14,Success,0,0,4
/home/narias/sia/SIA-TP1/levels/default_levels.txt,Nivel 4 - Pasillo,4,281,1,42,322,greedy,Greedy,combined,non_optimal,Greedy (combined),0.0004217990062898025,13,26,14,Success,0,0,4
/home/narias/sia/SIA-TP1/levels/default_levels.txt,Nivel 4 - Pasillo,4,282,2,42,323,greedy,Greedy,combined,non_optimal,Greedy (combined),0.00044809999963035807,13,26,14,Success,0,0,4
/home/narias/sia/SIA-TP1/levels/default_levels.txt,Nivel 4 - Pasillo,4,283,3,42,324,greedy,Greedy,combined,non_optimal,Greedy (combined),0.00041629999759607017,13,26,14,Success,0,0,4
/home/narias/sia/SIA-TP1/levels/default_levels.txt,Nivel 4 - Pasillo,4,284,4,42,325,greedy,Greedy,combined,non_optimal,Greedy (combined),0.0005960999988019466,13,26,14,Success,0,0,4
/home/narias/sia/SIA-TP1/levels/default_levels.txt,Nivel 4 - Pasillo,4,285,5,42,326,greedy,Greedy,combined,non_optimal,Greedy (combined),0.00043030000233557075,13,26,14,Success,0,0,4
/home/narias/sia/SIA-TP1/levels/default_levels.txt,Nivel 4 - Pasillo,4,286,6,42,327,greedy,Greedy,combined,non_optimal,Greedy (combined),0.0004167000006418675,13,26,14,Success,0,0,4
/home/narias/sia/SIA-TP1/levels/default_levels.txt,Nivel 4 - Pasillo,4,287,7,42,328,greedy,Greedy,combined,non_optimal,Greedy (combined),0.0004175990034127608,13,26,14,Success,0,0,4
/home/narias/sia/SIA-TP1/levels/default_levels.txt,Nivel 4 - Pasillo,4,288,8,42,329,greedy,Greedy,combined,non_optimal,Greedy (combined),0.00044880000496050343,13,26,14,Success,0,0,4
/home/narias/sia/SIA-TP1/levels/default_levels.txt,Nivel 4 - Pasillo,4,289,9,42,330,greedy,Greedy,combined,non_optimal,Greedy (combined),0.00042099999700440094,13,26,14,Success,0,0,4
/home/narias/sia/SIA-TP1/levels/default_levels.txt,Nivel 4 - Pasillo,4,290,10,42,331,greedy,Greedy,combined,non_optimal,Greedy (combined),0.000451300002168864,13,26,14,Success,0,0,4
/home/narias/sia/SIA-TP1/levels/default_levels.txt,Nivel 4 - Pasillo,4,291,1,42,332,a_star,A*,static_deadlock,optimal,A* (static_deadlock),0.0017382990045007318,13,235,38,Success,0,0,0
/home/narias/sia/SIA-TP1/levels/default_levels.txt,Nivel 4 - Pasillo,4,292,2,42,333,a_star,A*,static_deadlock,optimal,A* (static_deadlock),0.0017305000001215376,13,235,38,Success,0,0,0
/home/narias/sia/SIA-TP1/levels/default_levels.txt,Nivel 4 - Pasillo,4,293,3,42,334,a_star,A*,static_deadlock,optimal,A* (static_deadlock),0.001998799001739826,13,235,38,Success,0,0,0
/home/narias/sia/SIA-TP1/levels/default_levels.txt,Nivel 4 - Pasillo,4,294,4,42,335,a_star,A*,static_deadlock,optimal,A* (static_deadlock),0.001772499002981931,13,235,38,Success,0,0,0
/home/narias/sia/SIA-TP1/levels/default_levels.txt,Nivel 4 - Pasillo,4,295,5,42,336,a_star,A*,static_deadlock,optimal,A* (static_deadlock),0.0015220999994198792,13,235,38,Success,0,0,0
/home/narias/sia/SIA-TP1/levels/default_levels.txt,Nivel 4 - Pasillo,4,296,6,42,337,a_star,A*,static_deadlock,optimal,A* (static_deadlock),0.0016324990065186284,13,235,38,Success,0,0,0
/home/narias/sia/SIA-TP1/levels/default_levels.txt,Nivel 4 - Pasillo,4,297,7,42,338,a_star,A*,static_deadlock,optimal,A* (static_deadlock),0.0016307000041706488,13,235,38,Success,0,0,0
/home/narias/sia/SIA-TP1/levels/default_levels.txt,Nivel 4 - Pasillo,4,298,8,42,339,a_star,A*,static_deadlock,optimal,A* (static_deadlock),0.001546398998470977,13,235,38,Success,0,0,0
/home/narias/sia/SIA-TP1/levels/default_levels.txt,Nivel 4 - Pasillo,4,299,9,42,340,a_star,A*,static_deadlock,optimal,A* (static_deadlock),0.0014826999977231026,13,235,38,Success,0,0,0
/home/narias/sia/SIA-TP1/levels/default_levels.txt,Nivel 4 - Pasillo,4,300,10,42,341,a_star,A*,static_deadlock,optimal,A* (static_deadlock),0.0016623990013613366,13,235,38,Success,0,0,0
/home/narias/sia/SIA-TP1/levels/default_levels.txt,Nivel 4 - Pasillo,4,301,1,42,342,a_star,A*,min_matching,optimal,A* (min_matching),0.0031444990017917007,13,129,29,Success,0,0,0
/home/narias/sia/SIA-TP1/levels/default_levels.txt,Nivel 4 - Pasillo,4,302,2,42,343,a_star,A*,min_matching,optimal,A* (min_matching),0.0019089999987045303,13,129,29,Success,0,0,0
/home/narias/sia/SIA-TP1/levels/default_levels.txt,Nivel 4 - Pasillo,4,303,3,42,344,a_star,A*,min_matching,optimal,A* (min_matching),0.002092099006404169,13,129,29,Success,0,0,0
/home/narias/sia/SIA-TP1/levels/default_levels.txt,Nivel 4 - Pasillo,4,304,4,42,345,a_star,A*,min_matching,optimal,A* (min_matching),0.0019895989971701056,13,129,29,Success,0,0,0
/home/narias/sia/SIA-TP1/levels/default_levels.txt,Nivel 4 - Pasillo,4,305,5,42,346,a_star,A*,min_matching,optimal,A* (min_matching),0.00195499999972526,13,129,29,Success,0,0,0
/home/narias/sia/SIA-TP1/levels/default_levels.txt,Nivel 4 - Pasillo,4,306,6,42,347,a_star,A*,min_matching,optimal,A* (min_matching),0.001944799005286768,13,129,29,Success,0,0,0
/home/narias/sia/SIA-TP1/levels/default_levels.txt,Nivel 4 - Pasillo,4,307,7,42,348,a_star,A*,min_matching,optimal,A* (min_matching),0.0021342990003176965,13,129,29,Success,0,0,0
/home/narias/sia/SIA-TP1/levels/default_levels.txt,Nivel 4 - Pasillo,4,308,8,42,349,a_star,A*,min_matching,optimal,A* (min_matching),0.00202229899878148,13,129,29,Success,0,0,0
/home/narias/sia/SIA-TP1/levels/default_levels.txt,Nivel 4 - Pasillo,4,309,9,42,350,a_star,A*,min_matching,optimal,A* (min_matching),0.0022668000019621104,13,129,29,Success,0,0,0
/home/narias/sia/SIA-TP1/levels/default_levels.txt,Nivel 4 - Pasillo,4,310,10,42,351,a_star,A*,min_matching,optimal,A* (min_matching),0.0020725990034407005,13,129,29,Success,0,0,0
/home/narias/sia/SIA-TP1/levels/default_levels.txt,Nivel 4 - Pasillo,4,311,1,42,352,a_star,A*,combined,optimal,A* (combined),0.0024145989955286495,13,129,29,Success,0,0,0
/home/narias/sia/SIA-TP1/levels/default_levels.txt,Nivel 4 - Pasillo,4,312,2,42,353,a_star,A*,combined,optimal,A* (combined),0.002657599005033262,13,129,29,Success,0,0,0
/home/narias/sia/SIA-TP1/levels/default_levels.txt,Nivel 4 - Pasillo,4,313,3,42,354,a_star,A*,combined,optimal,A* (combined),0.0030168989978847094,13,129,29,Success,0,0,0
/home/narias/sia/SIA-TP1/levels/default_levels.txt,Nivel 4 - Pasillo,4,314,4,42,355,a_star,A*,combined,optimal,A* (combined),0.0031974990051821806,13,129,29,Success,0,0,0
/home/narias/sia/SIA-TP1/levels/default_levels.txt,Nivel 4 - Pasillo,4,315,5,42,356,a_star,A*,combined,optimal,A* (combined),0.003029799001524225,13,129,29,Success,0,0,0
/home/narias/sia/SIA-TP1/levels/default_levels.txt,Nivel 4 - Pasillo,4,316,6,42,357,a_star,A*,combined,optimal,A* (combined),0.0026878990029217675,13,129,29,Success,0,0,0
/home/narias/sia/SIA-TP1/levels/default_levels.txt,Nivel 4 - Pasillo,4,317,7,42,358,a_star,A*,combined,optimal,A* (combined),0.003618399001425132,13,129,29,Success,0,0,0
/home/narias/sia/SIA-TP1/levels/default_levels.txt,Nivel 4 - Pasillo,4,318,8,42,359,a_star,A*,combined,optimal,A* (combined),0.0024342990000150166,13,129,29,Success,0,0,0
/home/narias/sia/SIA-TP1/levels/default_levels.txt,Nivel 4 - Pasillo,4,319,9,42,360,a_star,A*,combined,optimal,A* (combined),0.0029430990034597926,13,129,29,Success,0,0,0
/home/narias/sia/SIA-TP1/levels/default_levels.txt,Nivel 4 - Pasillo,4,320,10,42,361,a_star,A*,combined,optimal,A* (combined),0.002581898996140808,13,129,29,Success,0,0,0
