source_key,levels_file,level_name,level_index,algorithm,algorithm_label,heuristic,category,solver_label,runs,successes,failures,time_seconds_mean,time_seconds_std,time_seconds_min,time_seconds_max,cost_mean,cost_std,cost_min,cost_max,nodes_expanded_mean,nodes_expanded_std,nodes_expanded_min,nodes_expanded_max,frontier_count_mean,frontier_count_std,frontier_count_min,frontier_count_max,stale_skipped_mean,stale_skipped_std,reopened_states_mean,reopened_states_std,heuristic_cache_hits_mean,heuristic_cache_hits_std,success_rate
dfs_allow,/Users/tomaspinausig/code/SIA-TP1/levels/advanced_benchmark_levels.txt,Nivel 1 - Puentes de dos cajas,1,dfs,DFS,none,non_optimal,DFS (allow),10,10,0,0.0192502917996534,0.0017612662550831,0.0158428750000894,0.0213619170008314,189.0,0.0,189,189,2780.0,0.0,2780,2780,105.0,0.0,105,105,0.0,0.0,0.0,0.0,0.0,0.0,1.0
dfs_allow,/Users/tomaspinausig/code/SIA-TP1/levels/advanced_benchmark_levels.txt,Nivel 1 - Puentes de dos cajas,1,greedy,Greedy,combined,non_optimal,"Greedy (combined, allow)",10,10,0,0.0029383919001702,0.0008068141499189,0.0022919170005479,0.0048388750001322,43.0,0.0,43,43,139.0,0.0,139,139,26.0,0.0,26,26,0.0,0.0,0.0,0.0,41.0,0.0,1.0
dfs_allow,/Users/tomaspinausig/code/SIA-TP1/levels/advanced_benchmark_levels.txt,Nivel 1 - Puentes de dos cajas,1,greedy,Greedy,min_matching,non_optimal,"Greedy (min_matching, allow)",10,10,0,0.0025503249000394,0.0005875908525088,0.0018198340003436,0.0035101249995932,43.0,0.0,43,43,139.0,0.0,139,139,28.0,0.0,28,28,0.0,0.0,0.0,0.0,41.0,0.0,1.0
dfs_allow,/Users/tomaspinausig/code/SIA-TP1/levels/advanced_benchmark_levels.txt,Nivel 1 - Puentes de dos cajas,1,greedy,Greedy,static_deadlock,non_optimal,"Greedy (static_deadlock, allow)",10,10,0,0.0230921499001851,0.0087246582739151,0.0149332080000021,0.0452000000004773,29.0,0.0,29,29,1204.0,0.0,1204,1204,128.0,0.0,128,128,0.0,0.0,0.0,0.0,384.0,0.0,1.0
dfs_allow,/Users/tomaspinausig/code/SIA-TP1/levels/advanced_benchmark_levels.txt,Nivel 2 - Galeria central,2,dfs,DFS,none,non_optimal,DFS (allow),10,10,0,2.1173259416998915,0.5454040401405011,1.8225615000010291,3.694882042000245,7134.0,0.0,7134,7134,226692.0,0.0,226692,226692,5564.0,0.0,5564,5564,0.0,0.0,0.0,0.0,0.0,0.0,1.0
dfs_allow,/Users/tomaspinausig/code/SIA-TP1/levels/advanced_benchmark_levels.txt,Nivel 2 - Galeria central,2,greedy,Greedy,combined,non_optimal,"Greedy (combined, allow)",10,10,0,0.0021868043002541,0.0007967862502319,0.0015374579998024,0.0042673750012909,25.0,0.0,25,25,67.0,0.0,67,67,43.0,0.0,43,43,0.0,0.0,0.0,0.0,27.0,0.0,1.0
dfs_allow,/Users/tomaspinausig/code/SIA-TP1/levels/advanced_benchmark_levels.txt,Nivel 2 - Galeria central,2,greedy,Greedy,min_matching,non_optimal,"Greedy (min_matching, allow)",10,10,0,0.0012934997999764,0.0002630771061709,0.001016583000819,0.0016405000005761,25.0,0.0,25,25,67.0,0.0,67,67,47.0,0.0,47,47,0.0,0.0,0.0,0.0,27.0,0.0,1.0
dfs_allow,/Users/tomaspinausig/code/SIA-TP1/levels/advanced_benchmark_levels.txt,Nivel 2 - Galeria central,2,greedy,Greedy,static_deadlock,non_optimal,"Greedy (static_deadlock, allow)",10,10,0,0.2097633040999426,0.033333737705151,0.1739625830014119,0.2871679999989283,20.0,0.0,20,20,9538.0,0.0,9538,9538,4220.0,0.0,4220,4220,0.0,0.0,0.0,0.0,4680.0,0.0,1.0
dfs_allow,/Users/tomaspinausig/code/SIA-TP1/levels/advanced_benchmark_levels.txt,Nivel 3 - Triangulo abierto,3,dfs,DFS,none,non_optimal,DFS (allow),10,10,0,3.065598279099686,0.9289860811275024,2.1208218749998196,4.864423291999628,1646.0,0.0,1646,1646,170832.0,0.0,170832,170832,1518.0,0.0,1518,1518,0.0,0.0,0.0,0.0,0.0,0.0,1.0
dfs_allow,/Users/tomaspinausig/code/SIA-TP1/levels/advanced_benchmark_levels.txt,Nivel 3 - Triangulo abierto,3,greedy,Greedy,combined,non_optimal,"Greedy (combined, allow)",10,10,0,0.0117426000000705,0.0172134864335702,0.0024798330014164,0.0631669169997621,21.0,0.0,21,21,49.0,0.0,49,49,39.0,0.0,39,39,0.0,0.0,0.0,0.0,16.0,0.0,1.0
dfs_allow,/Users/tomaspinausig/code/SIA-TP1/levels/advanced_benchmark_levels.txt,Nivel 3 - Triangulo abierto,3,greedy,Greedy,min_matching,non_optimal,"Greedy (min_matching, allow)",10,10,0,0.0033285540999713,0.0012516505557959,0.0016113750007207,0.0054712500004825,21.0,0.0,21,21,49.0,0.0,49,49,44.0,0.0,44,44,0.0,0.0,0.0,0.0,16.0,0.0,1.0
dfs_allow,/Users/tomaspinausig/code/SIA-TP1/levels/advanced_benchmark_levels.txt,Nivel 3 - Triangulo abierto,3,greedy,Greedy,static_deadlock,non_optimal,"Greedy (static_deadlock, allow)",10,10,0,0.8724242457996297,0.124609614317678,0.6790058330007014,1.0449790410002606,19.0,0.0,19,19,20176.0,0.0,20176,20176,7926.0,0.0,7926,7926,0.0,0.0,0.0,0.0,11157.0,0.0,1.0
dfs_allow,/Users/tomaspinausig/code/SIA-TP1/levels/advanced_benchmark_levels.txt,Nivel 4 - Pasillo triple,4,dfs,DFS,none,non_optimal,DFS (allow),10,10,0,1.171537525000349,0.1980742889480363,0.896556875000897,1.4478019580001271,470.0,0.0,470,470,61144.0,0.0,61144,61144,432.0,0.0,432,432,0.0,0.0,0.0,0.0,0.0,0.0,1.0
dfs_allow,/Users/tomaspinausig/code/SIA-TP1/levels/advanced_benchmark_levels.txt,Nivel 4 - Pasillo triple,4,greedy,Greedy,combined,non_optimal,"Greedy (combined, allow)",10,10,0,0.0147133329995995,0.0038705802854016,0.0087628749988653,0.0206641659988235,28.0,0.0,28,28,92.0,0.0,92,92,47.0,0.0,47,47,0.0,0.0,0.0,0.0,31.0,0.0,1.0
dfs_allow,/Users/tomaspinausig/code/SIA-TP1/levels/advanced_benchmark_levels.txt,Nivel 4 - Pasillo triple,4,greedy,Greedy,min_matching,non_optimal,"Greedy (min_matching, allow)",10,10,0,0.0204223127002478,0.0110952342472647,0.0095670419996167,0.045201666000139,28.0,0.0,28,28,92.0,0.0,92,92,48.0,0.0,48,48,0.0,0.0,0.0,0.0,31.0,0.0,1.0
dfs_allow,/Users/tomaspinausig/code/SIA-TP1/levels/advanced_benchmark_levels.txt,Nivel 4 - Pasillo triple,4,greedy,Greedy,static_deadlock,non_optimal,"Greedy (static_deadlock, allow)",10,10,0,1.3793641875001412,0.4208125522241379,0.9274470830005156,2.3323916669996834,28.0,0.0,28,28,24466.0,0.0,24466,24466,5548.0,0.0,5548,5548,0.0,0.0,0.0,0.0,9530.0,0.0,1.0
dfs_allow,/Users/tomaspinausig/code/SIA-TP1/levels/advanced_benchmark_levels.txt,Nivel 5 - Cruce angosto,5,dfs,DFS,none,non_optimal,DFS (allow),10,10,0,5.365231325099922,2.074371303842532,2.183768416998646,8.007546124999863,2977.0,0.0,2977,2977,160192.0,0.0,160192,160192,1653.0,0.0,1653,1653,0.0,0.0,0.0,0.0,0.0,0.0,1.0
dfs_allow,/Users/tomaspinausig/code/SIA-TP1/levels/advanced_benchmark_levels.txt,Nivel 5 - Cruce angosto,5,greedy,Greedy,combined,non_optimal,"Greedy (combined, allow)",10,10,0,0.2653216625998539,0.0939572518217755,0.1768713340006797,0.4939502500001254,81.0,0.0,81,81,2227.0,0.0,2227,2227,245.0,0.0,245,245,0.0,0.0,0.0,0.0,545.0,0.0,1.0
dfs_allow,/Users/tomaspinausig/code/SIA-TP1/levels/advanced_benchmark_levels.txt,Nivel 5 - Cruce angosto,5,greedy,Greedy,min_matching,non_optimal,"Greedy (min_matching, allow)",10,10,0,0.5897364542001015,0.0735878005736367,0.4910220829988247,0.7118435000011232,81.0,0.0,81,81,8400.0,0.0,8400,8400,959.0,0.0,959,959,0.0,0.0,0.0,0.0,2170.0,0.0,1.0
dfs_allow,/Users/tomaspinausig/code/SIA-TP1/levels/advanced_benchmark_levels.txt,Nivel 5 - Cruce angosto,5,greedy,Greedy,static_deadlock,non_optimal,"Greedy (static_deadlock, allow)",10,10,0,2.546337187500103,1.7838148581947206,1.029751458998362,6.336947375000818,47.0,0.0,47,47,24945.0,0.0,24945,24945,476.0,0.0,476,476,0.0,0.0,0.0,0.0,7114.0,0.0,1.0
dfs_prune,/Users/tomaspinausig/code/SIA-TP1/levels/advanced_benchmark_levels.txt,Nivel 1 - Puentes de dos cajas,1,dfs,DFS,none,non_optimal,DFS (prune),10,10,0,0.0361929793998569,0.0346831080954227,0.0063494589994661,0.1207236669997655,189.0,0.0,189,189,455.0,0.0,455,455,101.0,0.0,101,101,0.0,0.0,0.0,0.0,0.0,0.0,1.0
dfs_prune,/Users/tomaspinausig/code/SIA-TP1/levels/advanced_benchmark_levels.txt,Nivel 1 - Puentes de dos cajas,1,greedy,Greedy,combined,non_optimal,"Greedy (combined, allow)",10,10,0,0.008278787600102,0.0022767548028201,0.0059159580014238,0.0141918339995754,43.0,0.0,43,43,139.0,0.0,139,139,26.0,0.0,26,26,0.0,0.0,0.0,0.0,41.0,0.0,1.0
dfs_prune,/Users/tomaspinausig/code/SIA-TP1/levels/advanced_benchmark_levels.txt,Nivel 1 - Puentes de dos cajas,1,greedy,Greedy,min_matching,non_optimal,"Greedy (min_matching, allow)",10,10,0,0.0057318957995448,0.0010045356719411,0.0040697499989619,0.0074964579998777,43.0,0.0,43,43,139.0,0.0,139,139,28.0,0.0,28,28,0.0,0.0,0.0,0.0,41.0,0.0,1.0
dfs_prune,/Users/tomaspinausig/code/SIA-TP1/levels/advanced_benchmark_levels.txt,Nivel 1 - Puentes de dos cajas,1,greedy,Greedy,static_deadlock,non_optimal,"Greedy (static_deadlock, allow)",10,10,0,0.0560876665998876,0.008087279177044,0.0422577499994076,0.072359708001386,29.0,0.0,29,29,1204.0,0.0,1204,1204,128.0,0.0,128,128,0.0,0.0,0.0,0.0,384.0,0.0,1.0
dfs_prune,/Users/tomaspinausig/code/SIA-TP1/levels/advanced_benchmark_levels.txt,Nivel 2 - Galeria central,2,dfs,DFS,none,non_optimal,DFS (prune),10,10,0,0.4722422914999697,0.1017293593177995,0.3573761250008829,0.667659624999942,7134.0,0.0,7134,7134,19826.0,0.0,19826,19826,5558.0,0.0,5558,5558,0.0,0.0,0.0,0.0,0.0,0.0,1.0
dfs_prune,/Users/tomaspinausig/code/SIA-TP1/levels/advanced_benchmark_levels.txt,Nivel 2 - Galeria central,2,greedy,Greedy,combined,non_optimal,"Greedy (combined, allow)",10,10,0,0.0114758541003539,0.0023826535881968,0.0076020420001441,0.0166831250007817,25.0,0.0,25,25,67.0,0.0,67,67,43.0,0.0,43,43,0.0,0.0,0.0,0.0,27.0,0.0,1.0
dfs_prune,/Users/tomaspinausig/code/SIA-TP1/levels/advanced_benchmark_levels.txt,Nivel 2 - Galeria central,2,greedy,Greedy,min_matching,non_optimal,"Greedy (min_matching, allow)",10,10,0,0.0077616125998247,0.0040665495311894,0.0036685840004793,0.0163383750004868,25.0,0.0,25,25,67.0,0.0,67,67,47.0,0.0,47,47,0.0,0.0,0.0,0.0,27.0,0.0,1.0
dfs_prune,/Users/tomaspinausig/code/SIA-TP1/levels/advanced_benchmark_levels.txt,Nivel 2 - Galeria central,2,greedy,Greedy,static_deadlock,non_optimal,"Greedy (static_deadlock, allow)",10,10,0,0.6601047622998522,0.1415301913263851,0.4747774159986875,0.9266754999989644,20.0,0.0,20,20,9538.0,0.0,9538,9538,4220.0,0.0,4220,4220,0.0,0.0,0.0,0.0,4680.0,0.0,1.0
dfs_prune,/Users/tomaspinausig/code/SIA-TP1/levels/advanced_benchmark_levels.txt,Nivel 3 - Triangulo abierto,3,dfs,DFS,none,non_optimal,DFS (prune),10,10,0,0.4619135127999471,0.1198821159335548,0.3062017499996727,0.6146918750000623,1646.0,0.0,1646,1646,6105.0,0.0,6105,6105,1512.0,0.0,1512,1512,0.0,0.0,0.0,0.0,0.0,0.0,1.0
dfs_prune,/Users/tomaspinausig/code/SIA-TP1/levels/advanced_benchmark_levels.txt,Nivel 3 - Triangulo abierto,3,greedy,Greedy,combined,non_optimal,"Greedy (combined, allow)",10,10,0,0.0471967543002392,0.0459273365130881,0.0054799999998067,0.1685257499993895,21.0,0.0,21,21,49.0,0.0,49,49,39.0,0.0,39,39,0.0,0.0,0.0,0.0,16.0,0.0,1.0
dfs_prune,/Users/tomaspinausig/code/SIA-TP1/levels/advanced_benchmark_levels.txt,Nivel 3 - Triangulo abierto,3,greedy,Greedy,min_matching,non_optimal,"Greedy (min_matching, allow)",10,10,0,0.0042234999003994,0.0009954467366135,0.0026315420000173,0.0055793329993321,21.0,0.0,21,21,49.0,0.0,49,49,44.0,0.0,44,44,0.0,0.0,0.0,0.0,16.0,0.0,1.0
dfs_prune,/Users/tomaspinausig/code/SIA-TP1/levels/advanced_benchmark_levels.txt,Nivel 3 - Triangulo abierto,3,greedy,Greedy,static_deadlock,non_optimal,"Greedy (static_deadlock, allow)",10,10,0,3.1967736582997532,1.2908602405315135,1.8297523749988611,5.983030958001109,19.0,0.0,19,19,20176.0,0.0,20176,20176,7926.0,0.0,7926,7926,0.0,0.0,0.0,0.0,11157.0,0.0,1.0
dfs_prune,/Users/tomaspinausig/code/SIA-TP1/levels/advanced_benchmark_levels.txt,Nivel 4 - Pasillo triple,4,dfs,DFS,none,non_optimal,DFS (prune),10,10,0,0.0990777292001439,0.0498347329576125,0.0658521250006742,0.2312189169988414,470.0,0.0,470,470,2836.0,0.0,2836,2836,429.0,0.0,429,429,0.0,0.0,0.0,0.0,0.0,0.0,1.0
dfs_prune,/Users/tomaspinausig/code/SIA-TP1/levels/advanced_benchmark_levels.txt,Nivel 4 - Pasillo triple,4,greedy,Greedy,combined,non_optimal,"Greedy (combined, allow)",10,10,0,0.0231170166998708,0.0200624859248295,0.0100889169989386,0.0811358749997452,28.0,0.0,28,28,92.0,0.0,92,92,47.0,0.0,47,47,0.0,0.0,0.0,0.0,31.0,0.0,1.0
dfs_prune,/Users/tomaspinausig/code/SIA-TP1/levels/advanced_benchmark_levels.txt,Nivel 4 - Pasillo triple,4,greedy,Greedy,min_matching,non_optimal,"Greedy (min_matching, allow)",10,10,0,0.0178768541001772,0.014083351226672,0.0059812910003529,0.0564595420000841,28.0,0.0,28,28,92.0,0.0,92,92,48.0,0.0,48,48,0.0,0.0,0.0,0.0,31.0,0.0,1.0
dfs_prune,/Users/tomaspinausig/code/SIA-TP1/levels/advanced_benchmark_levels.txt,Nivel 4 - Pasillo triple,4,greedy,Greedy,static_deadlock,non_optimal,"Greedy (static_deadlock, allow)",10,10,0,1.66922012490013,0.5567320567910028,1.0673222090008494,2.7406679579999036,28.0,0.0,28,28,24466.0,0.0,24466,24466,5548.0,0.0,5548,5548,0.0,0.0,0.0,0.0,9530.0,0.0,1.0
dfs_prune,/Users/tomaspinausig/code/SIA-TP1/levels/advanced_benchmark_levels.txt,Nivel 5 - Cruce angosto,5,dfs,DFS,none,non_optimal,DFS (prune),10,10,0,0.335011570700226,0.0635363826589028,0.2243653330006054,0.4310238329999265,2977.0,0.0,2977,2977,10927.0,0.0,10927,10927,1650.0,0.0,1650,1650,0.0,0.0,0.0,0.0,0.0,0.0,1.0
dfs_prune,/Users/tomaspinausig/code/SIA-TP1/levels/advanced_benchmark_levels.txt,Nivel 5 - Cruce angosto,5,greedy,Greedy,combined,non_optimal,"Greedy (combined, allow)",10,10,0,0.2056436290997226,0.0251553385442479,0.1658223750000615,0.2394147909999446,81.0,0.0,81,81,2227.0,0.0,2227,2227,245.0,0.0,245,245,0.0,0.0,0.0,0.0,545.0,0.0,1.0
dfs_prune,/Users/tomaspinausig/code/SIA-TP1/levels/advanced_benchmark_levels.txt,Nivel 5 - Cruce angosto,5,greedy,Greedy,min_matching,non_optimal,"Greedy (min_matching, allow)",10,10,0,0.7414218165997226,0.4619108151479434,0.4266758329995355,1.8848291670001345,81.0,0.0,81,81,8400.0,0.0,8400,8400,959.0,0.0,959,959,0.0,0.0,0.0,0.0,2170.0,0.0,1.0
dfs_prune,/Users/tomaspinausig/code/SIA-TP1/levels/advanced_benchmark_levels.txt,Nivel 5 - Cruce angosto,5,greedy,Greedy,static_deadlock,non_optimal,"Greedy (static_deadlock, allow)",10,10,0,1.7785582459002398,1.0828822294031224,0.9673238750001474,4.7588597089998075,47.0,0.0,47,47,24945.0,0.0,24945,24945,476.0,0.0,476,476,0.0,0.0,0.0,0.0,7114.0,0.0,1.0
dfs_vs_bfs_allow,/Users/tomaspinausig/code/SIA-TP1/levels/advanced_benchmark_levels.txt,Nivel 1 - Puentes de dos cajas,1,dfs,DFS,none,non_optimal,DFS (allow),10,10,0,0.0956714251000448,0.0432561630125094,0.0490647079986956,0.1973166670013597,189.0,0.0,189,189,2780.0,0.0,2780,2780,105.0,0.0,105,105,0.0,0.0,0.0,0.0,0.0,0.0,1.0
dfs_vs_bfs_allow,/Users/tomaspinausig/code/SIA-TP1/levels/advanced_benchmark_levels.txt,Nivel 1 - Puentes de dos cajas,1,bfs,BFS,none,optimal,BFS (allow),10,10,0,0.1281960581998646,0.0433435082938227,0.087765833000958,0.223485458000141,29.0,0.0,29,29,4663.0,0.0,4663,4663,436.0,0.0,436,436,0.0,0.0,0.0,0.0,0.0,0.0,1.0
dfs_vs_bfs_allow,/Users/tomaspinausig/code/SIA-TP1/levels/advanced_benchmark_levels.txt,Nivel 2 - Galeria central,2,dfs,DFS,none,non_optimal,DFS (allow),10,10,0,6.911493075200087,2.70814782327191,4.485972292000952,14.023969709000085,7134.0,0.0,7134,7134,226692.0,0.0,226692,226692,5564.0,0.0,5564,5564,0.0,0.0,0.0,0.0,0.0,0.0,1.0
dfs_vs_bfs_allow,/Users/tomaspinausig/code/SIA-TP1/levels/advanced_benchmark_levels.txt,Nivel 2 - Galeria central,2,bfs,BFS,none,optimal,BFS (allow),10,10,0,0.9303644959001758,0.298814048586336,0.5377906249996158,1.3897472919998108,20.0,0.0,20,20,26995.0,0.0,26995,26995,15088.0,0.0,15088,15088,0.0,0.0,0.0,0.0,0.0,0.0,1.0
dfs_vs_bfs_allow,/Users/tomaspinausig/code/SIA-TP1/levels/advanced_benchmark_levels.txt,Nivel 3 - Triangulo abierto,3,dfs,DFS,none,non_optimal,DFS (allow),10,10,0,1.0722550042997685,0.078345384683529,0.983919624999544,1.2147174589990757,1646.0,0.0,1646,1646,170832.0,0.0,170832,170832,1518.0,0.0,1518,1518,0.0,0.0,0.0,0.0,0.0,0.0,1.0
dfs_vs_bfs_allow,/Users/tomaspinausig/code/SIA-TP1/levels/advanced_benchmark_levels.txt,Nivel 3 - Triangulo abierto,3,bfs,BFS,none,optimal,BFS (allow),10,10,0,0.720025991699913,0.4190260114273281,0.3347075000001496,1.608542124999076,19.0,0.0,19,19,53067.0,0.0,53067,53067,28192.0,0.0,28192,28192,0.0,0.0,0.0,0.0,0.0,0.0,1.0
dfs_vs_bfs_allow,/Users/tomaspinausig/code/SIA-TP1/levels/advanced_benchmark_levels.txt,Nivel 4 - Pasillo triple,4,dfs,DFS,none,non_optimal,DFS (allow),10,10,0,0.337896750100117,0.0398134930878347,0.3088431249998393,0.4540752089997113,470.0,0.0,470,470,61144.0,0.0,61144,61144,432.0,0.0,432,432,0.0,0.0,0.0,0.0,0.0,0.0,1.0
dfs_vs_bfs_allow,/Users/tomaspinausig/code/SIA-TP1/levels/advanced_benchmark_levels.txt,Nivel 4 - Pasillo triple,4,bfs,BFS,none,optimal,BFS (allow),10,10,0,0.4859561248000318,0.0221759237097959,0.4556478750000678,0.5369100839998282,28.0,0.0,28,28,78930.0,0.0,78930,78930,22201.0,0.0,22201,22201,0.0,0.0,0.0,0.0,0.0,0.0,1.0
dfs_vs_bfs_allow,/Users/tomaspinausig/code/SIA-TP1/levels/advanced_benchmark_levels.txt,Nivel 5 - Cruce angosto,5,dfs,DFS,none,non_optimal,DFS (allow),10,10,0,0.8029201334005848,0.0642018606197721,0.7360575840011734,0.978953375000856,2977.0,0.0,2977,2977,160192.0,0.0,160192,160192,1653.0,0.0,1653,1653,0.0,0.0,0.0,0.0,0.0,0.0,1.0
dfs_vs_bfs_allow,/Users/tomaspinausig/code/SIA-TP1/levels/advanced_benchmark_levels.txt,Nivel 5 - Cruce angosto,5,bfs,BFS,none,optimal,BFS (allow),10,10,0,0.9344424374998198,0.2702251916066459,0.765747833000205,1.648816999999326,47.0,0.0,47,47,144058.0,0.0,144058,144058,5375.0,0.0,5375,5375,0.0,0.0,0.0,0.0,0.0,0.0,1.0
dfs_vs_bfs_prune,/Users/tomaspinausig/code/SIA-TP1/levels/advanced_benchmark_levels.txt,Nivel 1 - Puentes de dos cajas,1,dfs,DFS,none,non_optimal,DFS (prune),10,10,0,0.0024057830998572,0.0003297800153418,0.0020695830007753,0.0029517909988499,189.0,0.0,189,189,455.0,0.0,455,455,101.0,0.0,101,101,0.0,0.0,0.0,0.0,0.0,0.0,1.0
dfs_vs_bfs_prune,/Users/tomaspinausig/code/SIA-TP1/levels/advanced_benchmark_levels.txt,Nivel 1 - Puentes de dos cajas,1,bfs,BFS,none,optimal,BFS (prune),10,10,0,0.0055144040999948,0.000125770490514,0.0053091250010766,0.0057467910010018,29.0,0.0,29,29,1204.0,0.0,1204,1204,128.0,0.0,128,128,0.0,0.0,0.0,0.0,0.0,0.0,1.0
dfs_vs_bfs_prune,/Users/tomaspinausig/code/SIA-TP1/levels/advanced_benchmark_levels.txt,Nivel 2 - Galeria central,2,dfs,DFS,none,non_optimal,DFS (prune),10,10,0,0.157733683299557,0.016976896452388,0.1275633329987613,0.1795480829987354,7134.0,0.0,7134,7134,19826.0,0.0,19826,19826,5558.0,0.0,5558,5558,0.0,0.0,0.0,0.0,0.0,0.0,1.0
dfs_vs_bfs_prune,/Users/tomaspinausig/code/SIA-TP1/levels/advanced_benchmark_levels.txt,Nivel 2 - Galeria central,2,bfs,BFS,none,optimal,BFS (prune),10,10,0,0.0831056165998234,0.017639471127113,0.0630308340005285,0.1154657909992238,20.0,0.0,20,20,9538.0,0.0,9538,9538,4220.0,0.0,4220,4220,0.0,0.0,0.0,0.0,0.0,0.0,1.0
dfs_vs_bfs_prune,/Users/tomaspinausig/code/SIA-TP1/levels/advanced_benchmark_levels.txt,Nivel 3 - Triangulo abierto,3,dfs,DFS,none,non_optimal,DFS (prune),10,10,0,0.0547974957002225,0.0246990887972851,0.0401889580007264,0.124796875001266,1646.0,0.0,1646,1646,6105.0,0.0,6105,6105,1512.0,0.0,1512,1512,0.0,0.0,0.0,0.0,0.0,0.0,1.0
dfs_vs_bfs_prune,/Users/tomaspinausig/code/SIA-TP1/levels/advanced_benchmark_levels.txt,Nivel 3 - Triangulo abierto,3,bfs,BFS,none,optimal,BFS (prune),10,10,0,0.1779132790999938,0.0155884726404512,0.1521200410006713,0.199849541999356,19.0,0.0,19,19,20176.0,0.0,20176,20176,7926.0,0.0,7926,7926,0.0,0.0,0.0,0.0,0.0,0.0,1.0
dfs_vs_bfs_prune,/Users/tomaspinausig/code/SIA-TP1/levels/advanced_benchmark_levels.txt,Nivel 4 - Pasillo triple,4,dfs,DFS,none,non_optimal,DFS (prune),10,10,0,0.0164037833998008,0.0013596512088126,0.0146473330005392,0.0186645409994525,470.0,0.0,470,470,2836.0,0.0,2836,2836,429.0,0.0,429,429,0.0,0.0,0.0,0.0,0.0,0.0,1.0
dfs_vs_bfs_prune,/Users/tomaspinausig/code/SIA-TP1/levels/advanced_benchmark_levels.txt,Nivel 4 - Pasillo triple,4,bfs,BFS,none,optimal,BFS (prune),10,10,0,0.1882001542999205,0.0160207876903993,0.1541145829996821,0.2092944589985563,28.0,0.0,28,28,24466.0,0.0,24466,24466,5548.0,0.0,5548,5548,0.0,0.0,0.0,0.0,0.0,0.0,1.0
dfs_vs_bfs_prune,/Users/tomaspinausig/code/SIA-TP1/levels/advanced_benchmark_levels.txt,Nivel 5 - Cruce angosto,5,dfs,DFS,none,non_optimal,DFS (prune),10,10,0,0.0729897750998134,0.0122226201268775,0.0635502080003789,0.095281709000119,2977.0,0.0,2977,2977,10927.0,0.0,10927,10927,1650.0,0.0,1650,1650,0.0,0.0,0.0,0.0,0.0,0.0,1.0
dfs_vs_bfs_prune,/Users/tomaspinausig/code/SIA-TP1/levels/advanced_benchmark_levels.txt,Nivel 5 - Cruce angosto,5,bfs,BFS,none,optimal,BFS (prune),10,10,0,0.1798806456999955,0.0130263121026427,0.1649557079999795,0.2060029999993275,47.0,0.0,47,47,24945.0,0.0,24945,24945,476.0,0.0,476,476,0.0,0.0,0.0,0.0,0.0,0.0,1.0
greedy_vs_a_star,/Users/tomaspinausig/code/SIA-TP1/levels/advanced_benchmark_levels.txt,Nivel 1 - Puentes de dos cajas,1,greedy,Greedy,combined,non_optimal,"Greedy (combined, allow)",10,10,0,0.0042717165000794,0.0010303011844727,0.0030391250002139,0.0063421670001844,43.0,0.0,43,43,139.0,0.0,139,139,26.0,0.0,26,26,0.0,0.0,0.0,0.0,41.0,0.0,1.0
greedy_vs_a_star,/Users/tomaspinausig/code/SIA-TP1/levels/advanced_benchmark_levels.txt,Nivel 1 - Puentes de dos cajas,1,greedy,Greedy,min_matching,non_optimal,"Greedy (min_matching, allow)",10,10,0,0.0031704248998721,0.0011373080569275,0.0021636659985233,0.0061725000014121,43.0,0.0,43,43,139.0,0.0,139,139,28.0,0.0,28,28,0.0,0.0,0.0,0.0,41.0,0.0,1.0
greedy_vs_a_star,/Users/tomaspinausig/code/SIA-TP1/levels/advanced_benchmark_levels.txt,Nivel 1 - Puentes de dos cajas,1,greedy,Greedy,static_deadlock,non_optimal,"Greedy (static_deadlock, allow)",10,10,0,0.0192886752001868,0.0026032360569939,0.0155092080003669,0.0240738749998854,29.0,0.0,29,29,1204.0,0.0,1204,1204,128.0,0.0,128,128,0.0,0.0,0.0,0.0,384.0,0.0,1.0
greedy_vs_a_star,/Users/tomaspinausig/code/SIA-TP1/levels/advanced_benchmark_levels.txt,Nivel 1 - Puentes de dos cajas,1,a_star,A*,combined,optimal,"A* (combined, allow)",10,10,0,0.0314970543000526,0.0083650671229175,0.0251718750005238,0.0550490419991547,29.0,0.0,29,29,896.0,0.0,896,896,84.0,0.0,84,84,0.0,0.0,0.0,0.0,0.0,0.0,1.0
greedy_vs_a_star,/Users/tomaspinausig/code/SIA-TP1/levels/advanced_benchmark_levels.txt,Nivel 1 - Puentes de dos cajas,1,a_star,A*,min_matching,optimal,"A* (min_matching, allow)",10,10,0,0.1371450916003596,0.0517864634701926,0.0751486659992224,0.230999541001438,29.0,0.0,29,29,3089.0,0.0,3089,3089,321.0,0.0,321,321,0.0,0.0,0.0,0.0,0.0,0.0,1.0
greedy_vs_a_star,/Users/tomaspinausig/code/SIA-TP1/levels/advanced_benchmark_levels.txt,Nivel 1 - Puentes de dos cajas,1,a_star,A*,static_deadlock,optimal,"A* (static_deadlock, allow)",10,10,0,0.0254167958002653,0.0046902519397721,0.0194767500015586,0.0354723330001434,29.0,0.0,29,29,1204.0,0.0,1204,1204,99.0,0.0,99,99,0.0,0.0,0.0,0.0,0.0,0.0,1.0
greedy_vs_a_star,/Users/tomaspinausig/code/SIA-TP1/levels/advanced_benchmark_levels.txt,Nivel 2 - Galeria central,2,greedy,Greedy,combined,non_optimal,"Greedy (combined, allow)",10,10,0,0.0017919124993568,0.0002176069563582,0.0015904170013527,0.0022879999996803,25.0,0.0,25,25,67.0,0.0,67,67,43.0,0.0,43,43,0.0,0.0,0.0,0.0,27.0,0.0,1.0
greedy_vs_a_star,/Users/tomaspinausig/code/SIA-TP1/levels/advanced_benchmark_levels.txt,Nivel 2 - Galeria central,2,greedy,Greedy,min_matching,non_optimal,"Greedy (min_matching, allow)",10,10,0,0.0012680749996434,0.0001679714591093,0.0011227499999222,0.0017181669991259,25.0,0.0,25,25,67.0,0.0,67,67,47.0,0.0,47,47,0.0,0.0,0.0,0.0,27.0,0.0,1.0
greedy_vs_a_star,/Users/tomaspinausig/code/SIA-TP1/levels/advanced_benchmark_levels.txt,Nivel 2 - Galeria central,2,greedy,Greedy,static_deadlock,non_optimal,"Greedy (static_deadlock, allow)",10,10,0,0.1755605707998256,0.0203595987723834,0.151014999999461,0.2211831249987881,20.0,0.0,20,20,9538.0,0.0,9538,9538,4220.0,0.0,4220,4220,0.0,0.0,0.0,0.0,4680.0,0.0,1.0
greedy_vs_a_star,/Users/tomaspinausig/code/SIA-TP1/levels/advanced_benchmark_levels.txt,Nivel 2 - Galeria central,2,a_star,A*,combined,optimal,"A* (combined, allow)",10,10,0,0.0360630290997505,0.0019510259470565,0.0344275829993421,0.0416304159989522,20.0,0.0,20,20,1140.0,0.0,1140,1140,503.0,0.0,503,503,0.0,0.0,0.0,0.0,0.0,0.0,1.0
greedy_vs_a_star,/Users/tomaspinausig/code/SIA-TP1/levels/advanced_benchmark_levels.txt,Nivel 2 - Galeria central,2,a_star,A*,min_matching,optimal,"A* (min_matching, allow)",10,10,0,0.0422904958002618,0.0006094904973006,0.041361917001268,0.0437267500001326,20.0,0.0,20,20,1767.0,0.0,1767,1767,892.0,0.0,892,892,0.0,0.0,0.0,0.0,0.0,0.0,1.0
greedy_vs_a_star,/Users/tomaspinausig/code/SIA-TP1/levels/advanced_benchmark_levels.txt,Nivel 2 - Galeria central,2,a_star,A*,static_deadlock,optimal,"A* (static_deadlock, allow)",10,10,0,0.1725512958999388,0.0177290128988773,0.1564026249998278,0.2204994999992777,20.0,0.0,20,20,9538.0,0.0,9538,9538,2995.0,0.0,2995,2995,0.0,0.0,0.0,0.0,0.0,0.0,1.0
greedy_vs_a_star,/Users/tomaspinausig/code/SIA-TP1/levels/advanced_benchmark_levels.txt,Nivel 3 - Triangulo abierto,3,greedy,Greedy,combined,non_optimal,"Greedy (combined, allow)",10,10,0,0.001322966799853,0.0001018803255306,0.0012076669991074,0.0015980000007402,21.0,0.0,21,21,49.0,0.0,49,49,39.0,0.0,39,39,0.0,0.0,0.0,0.0,16.0,0.0,1.0
greedy_vs_a_star,/Users/tomaspinausig/code/SIA-TP1/levels/advanced_benchmark_levels.txt,Nivel 3 - Triangulo abierto,3,greedy,Greedy,min_matching,non_optimal,"Greedy (min_matching, allow)",10,10,0,0.0009950670002581,0.000150491430073,0.0008418340003117,0.0012728749989037,21.0,0.0,21,21,49.0,0.0,49,49,44.0,0.0,44,44,0.0,0.0,0.0,0.0,16.0,0.0,1.0
greedy_vs_a_star,/Users/tomaspinausig/code/SIA-TP1/levels/advanced_benchmark_levels.txt,Nivel 3 - Triangulo abierto,3,greedy,Greedy,static_deadlock,non_optimal,"Greedy (static_deadlock, allow)",10,10,0,0.3346324873999037,0.020576455588608,0.3051013330004934,0.3696692920002533,19.0,0.0,19,19,20176.0,0.0,20176,20176,7926.0,0.0,7926,7926,0.0,0.0,0.0,0.0,11157.0,0.0,1.0
greedy_vs_a_star,/Users/tomaspinausig/code/SIA-TP1/levels/advanced_benchmark_levels.txt,Nivel 3 - Triangulo abierto,3,a_star,A*,combined,optimal,"A* (combined, allow)",10,10,0,0.0444920040996294,0.0009801094238093,0.042694499999925,0.0459957499988377,19.0,0.0,19,19,1285.0,0.0,1285,1285,757.0,0.0,757,757,0.0,0.0,0.0,0.0,0.0,0.0,1.0
greedy_vs_a_star,/Users/tomaspinausig/code/SIA-TP1/levels/advanced_benchmark_levels.txt,Nivel 3 - Triangulo abierto,3,a_star,A*,min_matching,optimal,"A* (min_matching, allow)",10,10,0,0.0503435999999055,0.0124960302191208,0.0388775419996818,0.0752921249986684,19.0,0.0,19,19,1687.0,0.0,1687,1687,1168.0,0.0,1168,1168,0.0,0.0,0.0,0.0,0.0,0.0,1.0
greedy_vs_a_star,/Users/tomaspinausig/code/SIA-TP1/levels/advanced_benchmark_levels.txt,Nivel 3 - Triangulo abierto,3,a_star,A*,static_deadlock,optimal,"A* (static_deadlock, allow)",10,10,0,0.3272790415001509,0.0152399441846781,0.2996612080005434,0.3491681249997782,19.0,0.0,19,19,20176.0,0.0,20176,20176,5219.0,0.0,5219,5219,0.0,0.0,0.0,0.0,0.0,0.0,1.0
greedy_vs_a_star,/Users/tomaspinausig/code/SIA-TP1/levels/advanced_benchmark_levels.txt,Nivel 4 - Pasillo triple,4,greedy,Greedy,combined,non_optimal,"Greedy (combined, allow)",10,10,0,0.0026876664998781,0.0006283464878016,0.0020930409991706,0.0040612500015413,28.0,0.0,28,28,92.0,0.0,92,92,47.0,0.0,47,47,0.0,0.0,0.0,0.0,31.0,0.0,1.0
greedy_vs_a_star,/Users/tomaspinausig/code/SIA-TP1/levels/advanced_benchmark_levels.txt,Nivel 4 - Pasillo triple,4,greedy,Greedy,min_matching,non_optimal,"Greedy (min_matching, allow)",10,10,0,0.0022008706999258,0.0006695678184883,0.0015530830005445,0.0039186249996419,28.0,0.0,28,28,92.0,0.0,92,92,48.0,0.0,48,48,0.0,0.0,0.0,0.0,31.0,0.0,1.0
greedy_vs_a_star,/Users/tomaspinausig/code/SIA-TP1/levels/advanced_benchmark_levels.txt,Nivel 4 - Pasillo triple,4,greedy,Greedy,static_deadlock,non_optimal,"Greedy (static_deadlock, allow)",10,10,0,0.3773049290992276,0.0494545926835536,0.3157028749992605,0.4857424999991053,28.0,0.0,28,28,24466.0,0.0,24466,24466,5548.0,0.0,5548,5548,0.0,0.0,0.0,0.0,9530.0,0.0,1.0
greedy_vs_a_star,/Users/tomaspinausig/code/SIA-TP1/levels/advanced_benchmark_levels.txt,Nivel 4 - Pasillo triple,4,a_star,A*,combined,optimal,"A* (combined, allow)",10,10,0,0.1640434084003573,0.026274275312573,0.1422885840001981,0.2366803750010149,28.0,0.0,28,28,5167.0,0.0,5167,5167,1297.0,0.0,1297,1297,0.0,0.0,0.0,0.0,0.0,0.0,1.0
greedy_vs_a_star,/Users/tomaspinausig/code/SIA-TP1/levels/advanced_benchmark_levels.txt,Nivel 4 - Pasillo triple,4,a_star,A*,min_matching,optimal,"A* (min_matching, allow)",10,10,0,0.2202045499001542,0.0336547625631392,0.1870346249997965,0.2982429580006283,28.0,0.0,28,28,9959.0,0.0,9959,9959,2671.0,0.0,2671,2671,0.0,0.0,0.0,0.0,0.0,0.0,1.0
greedy_vs_a_star,/Users/tomaspinausig/code/SIA-TP1/levels/advanced_benchmark_levels.txt,Nivel 4 - Pasillo triple,4,a_star,A*,static_deadlock,optimal,"A* (static_deadlock, allow)",10,10,0,0.3683936002002156,0.0239764391664685,0.3316120420004154,0.4039646670007641,28.0,0.0,28,28,24466.0,0.0,24466,24466,4107.0,0.0,4107,4107,0.0,0.0,0.0,0.0,0.0,0.0,1.0
greedy_vs_a_star,/Users/tomaspinausig/code/SIA-TP1/levels/advanced_benchmark_levels.txt,Nivel 5 - Cruce angosto,5,greedy,Greedy,combined,non_optimal,"Greedy (combined, allow)",10,10,0,0.0550769461000527,0.0067454574887174,0.0485059590009768,0.0677961670007789,81.0,0.0,81,81,2227.0,0.0,2227,2227,245.0,0.0,245,245,0.0,0.0,0.0,0.0,545.0,0.0,1.0
greedy_vs_a_star,/Users/tomaspinausig/code/SIA-TP1/levels/advanced_benchmark_levels.txt,Nivel 5 - Cruce angosto,5,greedy,Greedy,min_matching,non_optimal,"Greedy (min_matching, allow)",10,10,0,0.1671542498997951,0.0170003867435049,0.1455114579985092,0.1877387919994362,81.0,0.0,81,81,8400.0,0.0,8400,8400,959.0,0.0,959,959,0.0,0.0,0.0,0.0,2170.0,0.0,1.0
greedy_vs_a_star,/Users/tomaspinausig/code/SIA-TP1/levels/advanced_benchmark_levels.txt,Nivel 5 - Cruce angosto,5,greedy,Greedy,static_deadlock,non_optimal,"Greedy (static_deadlock, allow)",10,10,0,0.3610131458002797,0.0266038166287657,0.319761708000442,0.3983133750007255,47.0,0.0,47,47,24945.0,0.0,24945,24945,476.0,0.0,476,476,0.0,0.0,0.0,0.0,7114.0,0.0,1.0
greedy_vs_a_star,/Users/tomaspinausig/code/SIA-TP1/levels/advanced_benchmark_levels.txt,Nivel 5 - Cruce angosto,5,a_star,A*,combined,optimal,"A* (combined, allow)",10,10,0,0.5401891755003817,0.1113014360043464,0.4413867500006745,0.7649839590012562,47.0,0.0,47,47,20108.0,0.0,20108,20108,908.0,0.0,908,908,3.0,0.0,0.0,0.0,3.0,0.0,1.0
greedy_vs_a_star,/Users/tomaspinausig/code/SIA-TP1/levels/advanced_benchmark_levels.txt,Nivel 5 - Cruce angosto,5,a_star,A*,min_matching,optimal,"A* (min_matching, allow)",10,10,0,2.7243089708999833,0.666884478498454,1.911330667000584,3.8918950830011454,47.0,0.0,47,47,98244.0,0.0,98244,98244,7301.0,0.0,7301,7301,14.0,0.0,0.0,0.0,15.0,0.0,1.0
greedy_vs_a_star,/Users/tomaspinausig/code/SIA-TP1/levels/advanced_benchmark_levels.txt,Nivel 5 - Cruce angosto,5,a_star,A*,static_deadlock,optimal,"A* (static_deadlock, allow)",10,10,0,0.3241188873997089,0.0267028508361927,0.287120834000234,0.3889029170004505,47.0,0.0,47,47,24945.0,0.0,24945,24945,373.0,0.0,373,373,0.0,0.0,0.0,0.0,0.0,0.0,1.0
optimal_allow,/Users/tomaspinausig/code/SIA-TP1/levels/advanced_benchmark_levels.txt,Nivel 1 - Puentes de dos cajas,1,a_star,A*,combined,optimal,A* (combined),10,10,0,0.0090840997998384,0.0008113940926137,0.0082572920000529,0.0107962909987691,29.0,0.0,29,29,896.0,0.0,896,896,84.0,0.0,84,84,0.0,0.0,0.0,0.0,0.0,0.0,1.0
optimal_allow,/Users/tomaspinausig/code/SIA-TP1/levels/advanced_benchmark_levels.txt,Nivel 1 - Puentes de dos cajas,1,a_star,A*,min_matching,optimal,A* (min_matching),10,10,0,0.0285568998999224,0.0012271384339802,0.0269322080002893,0.0305778330002794,29.0,0.0,29,29,3089.0,0.0,3089,3089,321.0,0.0,321,321,0.0,0.0,0.0,0.0,0.0,0.0,1.0
optimal_allow,/Users/tomaspinausig/code/SIA-TP1/levels/advanced_benchmark_levels.txt,Nivel 1 - Puentes de dos cajas,1,a_star,A*,static_deadlock,optimal,A* (static_deadlock),10,10,0,0.0065827209000417,0.0007935293335997,0.0061077499995008,0.0089185830001952,29.0,0.0,29,29,1204.0,0.0,1204,1204,99.0,0.0,99,99,0.0,0.0,0.0,0.0,0.0,0.0,1.0
optimal_allow,/Users/tomaspinausig/code/SIA-TP1/levels/advanced_benchmark_levels.txt,Nivel 1 - Puentes de dos cajas,1,bfs,BFS,none,optimal,BFS,10,10,0,0.0226925996998033,0.0101750963088358,0.0151819579987204,0.0505937910002103,29.0,0.0,29,29,4663.0,0.0,4663,4663,436.0,0.0,436,436,0.0,0.0,0.0,0.0,0.0,0.0,1.0
optimal_allow,/Users/tomaspinausig/code/SIA-TP1/levels/advanced_benchmark_levels.txt,Nivel 2 - Galeria central,2,a_star,A*,combined,optimal,A* (combined),10,10,0,0.0182696498999575,0.0016305204581863,0.0169156659994769,0.022814207999545,20.0,0.0,20,20,1140.0,0.0,1140,1140,503.0,0.0,503,503,0.0,0.0,0.0,0.0,0.0,0.0,1.0
optimal_allow,/Users/tomaspinausig/code/SIA-TP1/levels/advanced_benchmark_levels.txt,Nivel 2 - Galeria central,2,a_star,A*,min_matching,optimal,A* (min_matching),10,10,0,0.0258493083998473,0.0018259907377729,0.0233485829994606,0.0300532919991383,20.0,0.0,20,20,1767.0,0.0,1767,1767,892.0,0.0,892,892,0.0,0.0,0.0,0.0,0.0,0.0,1.0
optimal_allow,/Users/tomaspinausig/code/SIA-TP1/levels/advanced_benchmark_levels.txt,Nivel 2 - Galeria central,2,a_star,A*,static_deadlock,optimal,A* (static_deadlock),10,10,0,0.0843460292999225,0.0110269422080282,0.0716670420006266,0.1029711249993852,20.0,0.0,20,20,9538.0,0.0,9538,9538,2995.0,0.0,2995,2995,0.0,0.0,0.0,0.0,0.0,0.0,1.0
optimal_allow,/Users/tomaspinausig/code/SIA-TP1/levels/advanced_benchmark_levels.txt,Nivel 2 - Galeria central,2,bfs,BFS,none,optimal,BFS,10,10,0,0.1843998082003963,0.0358502113657085,0.1165483330005372,0.2567957920000481,20.0,0.0,20,20,26995.0,0.0,26995,26995,15088.0,0.0,15088,15088,0.0,0.0,0.0,0.0,0.0,0.0,1.0
optimal_allow,/Users/tomaspinausig/code/SIA-TP1/levels/advanced_benchmark_levels.txt,Nivel 3 - Triangulo abierto,3,a_star,A*,combined,optimal,A* (combined),10,10,0,0.0262490832999901,0.008027049215151,0.0198046249988692,0.0485024999998131,19.0,0.0,19,19,1285.0,0.0,1285,1285,757.0,0.0,757,757,0.0,0.0,0.0,0.0,0.0,0.0,1.0
optimal_allow,/Users/tomaspinausig/code/SIA-TP1/levels/advanced_benchmark_levels.txt,Nivel 3 - Triangulo abierto,3,a_star,A*,min_matching,optimal,A* (min_matching),10,10,0,0.0270018376000734,0.001526545521569,0.0245068749991332,0.0302267080005549,19.0,0.0,19,19,1687.0,0.0,1687,1687,1168.0,0.0,1168,1168,0.0,0.0,0.0,0.0,0.0,0.0,1.0
optimal_allow,/Users/tomaspinausig/code/SIA-TP1/levels/advanced_benchmark_levels.txt,Nivel 3 - Triangulo abierto,3,a_star,A*,static_deadlock,optimal,A* (static_deadlock),10,10,0,0.1752401623998594,0.0104673164158721,0.1580019579996587,0.189045791999888,19.0,0.0,19,19,20176.0,0.0,20176,20176,5219.0,0.0,5219,5219,0.0,0.0,0.0,0.0,0.0,0.0,1.0
optimal_allow,/Users/tomaspinausig/code/SIA-TP1/levels/advanced_benchmark_levels.txt,Nivel 3 - Triangulo abierto,3,bfs,BFS,none,optimal,BFS,10,10,0,0.3127066374996502,0.0277181131476594,0.2651876249983615,0.3737123750015598,19.0,0.0,19,19,53067.0,0.0,53067,53067,28192.0,0.0,28192,28192,0.0,0.0,0.0,0.0,0.0,0.0,1.0
optimal_allow,/Users/tomaspinausig/code/SIA-TP1/levels/advanced_benchmark_levels.txt,Nivel 4 - Pasillo triple,4,a_star,A*,combined,optimal,A* (combined),10,10,0,0.0853941415996814,0.0163539251356443,0.072336749999522,0.1257004169983702,28.0,0.0,28,28,5167.0,0.0,5167,5167,1297.0,0.0,1297,1297,0.0,0.0,0.0,0.0,0.0,0.0,1.0
optimal_allow,/Users/tomaspinausig/code/SIA-TP1/levels/advanced_benchmark_levels.txt,Nivel 4 - Pasillo triple,4,a_star,A*,min_matching,optimal,A* (min_matching),10,10,0,0.1400588417003746,0.0111419913444448,0.1270690000001195,0.1649877920008293,28.0,0.0,28,28,9959.0,0.0,9959,9959,2671.0,0.0,2671,2671,0.0,0.0,0.0,0.0,0.0,0.0,1.0
optimal_allow,/Users/tomaspinausig/code/SIA-TP1/levels/advanced_benchmark_levels.txt,Nivel 4 - Pasillo triple,4,a_star,A*,static_deadlock,optimal,A* (static_deadlock),10,10,0,0.2103554792000068,0.0147705562444735,0.1939607920012349,0.2437199169999075,28.0,0.0,28,28,24466.0,0.0,24466,24466,4107.0,0.0,4107,4107,0.0,0.0,0.0,0.0,0.0,0.0,1.0
optimal_allow,/Users/tomaspinausig/code/SIA-TP1/levels/advanced_benchmark_levels.txt,Nivel 4 - Pasillo triple,4,bfs,BFS,none,optimal,BFS,10,10,0,0.4525261627002692,0.070837621489881,0.3745390840012987,0.6218235839987756,28.0,0.0,28,28,78930.0,0.0,78930,78930,22201.0,0.0,22201,22201,0.0,0.0,0.0,0.0,0.0,0.0,1.0
optimal_allow,/Users/tomaspinausig/code/SIA-TP1/levels/advanced_benchmark_levels.txt,Nivel 5 - Cruce angosto,5,a_star,A*,combined,optimal,A* (combined),10,10,0,0.4258522332998836,0.0336626145410055,0.3737067080000997,0.5012157089986431,47.0,0.0,47,47,20108.0,0.0,20108,20108,908.0,0.0,908,908,3.0,0.0,0.0,0.0,3.0,0.0,1.0
optimal_allow,/Users/tomaspinausig/code/SIA-TP1/levels/advanced_benchmark_levels.txt,Nivel 5 - Cruce angosto,5,a_star,A*,min_matching,optimal,A* (min_matching),10,10,0,1.9594314538997424,0.4385530405422491,1.3922156659991742,2.6127909589995397,47.0,0.0,47,47,98244.0,0.0,98244,98244,7301.0,0.0,7301,7301,14.0,0.0,0.0,0.0,15.0,0.0,1.0
optimal_allow,/Users/tomaspinausig/code/SIA-TP1/levels/advanced_benchmark_levels.txt,Nivel 5 - Cruce angosto,5,a_star,A*,static_deadlock,optimal,A* (static_deadlock),10,10,0,0.1812643876000947,0.013901296705641,0.1635345419999794,0.2038135420007165,47.0,0.0,47,47,24945.0,0.0,24945,24945,373.0,0.0,373,373,0.0,0.0,0.0,0.0,0.0,0.0,1.0
optimal_allow,/Users/tomaspinausig/code/SIA-TP1/levels/advanced_benchmark_levels.txt,Nivel 5 - Cruce angosto,5,bfs,BFS,none,optimal,BFS,10,10,0,0.7139167873001497,0.0480561119238282,0.6747728330010432,0.8399661669991474,47.0,0.0,47,47,144058.0,0.0,144058,144058,5375.0,0.0,5375,5375,0.0,0.0,0.0,0.0,0.0,0.0,1.0
optimal_bfs_prune,/Users/tomaspinausig/code/SIA-TP1/levels/advanced_benchmark_levels.txt,Nivel 1 - Puentes de dos cajas,1,a_star,A*,combined,optimal,"A* (combined, allow)",10,10,0,0.0157631791000312,0.0012054302289359,0.013713166999878,0.0177543750014592,29.0,0.0,29,29,896.0,0.0,896,896,84.0,0.0,84,84,0.0,0.0,0.0,0.0,0.0,0.0,1.0
optimal_bfs_prune,/Users/tomaspinausig/code/SIA-TP1/levels/advanced_benchmark_levels.txt,Nivel 1 - Puentes de dos cajas,1,a_star,A*,min_matching,optimal,"A* (min_matching, allow)",10,10,0,0.0480742874997304,0.0065335700052529,0.04243708300055,0.0631754579990229,29.0,0.0,29,29,3089.0,0.0,3089,3089,321.0,0.0,321,321,0.0,0.0,0.0,0.0,0.0,0.0,1.0
optimal_bfs_prune,/Users/tomaspinausig/code/SIA-TP1/levels/advanced_benchmark_levels.txt,Nivel 1 - Puentes de dos cajas,1,a_star,A*,static_deadlock,optimal,"A* (static_deadlock, allow)",10,10,0,0.0120016082000802,0.0012851026133414,0.0100910410001233,0.014723917000083,29.0,0.0,29,29,1204.0,0.0,1204,1204,99.0,0.0,99,99,0.0,0.0,0.0,0.0,0.0,0.0,1.0
optimal_bfs_prune,/Users/tomaspinausig/code/SIA-TP1/levels/advanced_benchmark_levels.txt,Nivel 1 - Puentes de dos cajas,1,bfs,BFS,none,optimal,BFS (prune),10,10,0,0.0056847208001272,0.0007385811466541,0.0047141670002019,0.0074759580002137,29.0,0.0,29,29,1204.0,0.0,1204,1204,128.0,0.0,128,128,0.0,0.0,0.0,0.0,0.0,0.0,1.0
optimal_bfs_prune,/Users/tomaspinausig/code/SIA-TP1/levels/advanced_benchmark_levels.txt,Nivel 2 - Galeria central,2,a_star,A*,combined,optimal,"A* (combined, allow)",10,10,0,0.0296692414001881,0.0010938989169843,0.0283781660000386,0.0315466249994642,20.0,0.0,20,20,1140.0,0.0,1140,1140,503.0,0.0,503,503,0.0,0.0,0.0,0.0,0.0,0.0,1.0
optimal_bfs_prune,/Users/tomaspinausig/code/SIA-TP1/levels/advanced_benchmark_levels.txt,Nivel 2 - Galeria central,2,a_star,A*,min_matching,optimal,"A* (min_matching, allow)",10,10,0,0.0498182499999529,0.020627334819414,0.0359997499999735,0.1070760410002549,20.0,0.0,20,20,1767.0,0.0,1767,1767,892.0,0.0,892,892,0.0,0.0,0.0,0.0,0.0,0.0,1.0
optimal_bfs_prune,/Users/tomaspinausig/code/SIA-TP1/levels/advanced_benchmark_levels.txt,Nivel 2 - Galeria central,2,a_star,A*,static_deadlock,optimal,"A* (static_deadlock, allow)",10,10,0,0.1719832499999029,0.0311112260078919,0.1356464580003376,0.2166868749991408,20.0,0.0,20,20,9538.0,0.0,9538,9538,2995.0,0.0,2995,2995,0.0,0.0,0.0,0.0,0.0,0.0,1.0
optimal_bfs_prune,/Users/tomaspinausig/code/SIA-TP1/levels/advanced_benchmark_levels.txt,Nivel 2 - Galeria central,2,bfs,BFS,none,optimal,BFS (prune),10,10,0,0.0992272750003394,0.033030178658767,0.0636493750007503,0.1521979170011036,20.0,0.0,20,20,9538.0,0.0,9538,9538,4220.0,0.0,4220,4220,0.0,0.0,0.0,0.0,0.0,0.0,1.0
optimal_bfs_prune,/Users/tomaspinausig/code/SIA-TP1/levels/advanced_benchmark_levels.txt,Nivel 3 - Triangulo abierto,3,a_star,A*,combined,optimal,"A* (combined, allow)",10,10,0,0.0427494208002826,0.0131574164152242,0.0341444580008101,0.0811869160006608,19.0,0.0,19,19,1285.0,0.0,1285,1285,757.0,0.0,757,757,0.0,0.0,0.0,0.0,0.0,0.0,1.0
optimal_bfs_prune,/Users/tomaspinausig/code/SIA-TP1/levels/advanced_benchmark_levels.txt,Nivel 3 - Triangulo abierto,3,a_star,A*,min_matching,optimal,"A* (min_matching, allow)",10,10,0,0.0427989791998697,0.0042348672139973,0.038050208999266,0.0511839579994557,19.0,0.0,19,19,1687.0,0.0,1687,1687,1168.0,0.0,1168,1168,0.0,0.0,0.0,0.0,0.0,0.0,1.0
optimal_bfs_prune,/Users/tomaspinausig/code/SIA-TP1/levels/advanced_benchmark_levels.txt,Nivel 3 - Triangulo abierto,3,a_star,A*,static_deadlock,optimal,"A* (static_deadlock, allow)",10,10,0,0.3275542080999002,0.0447376244011686,0.2598203329998796,0.4298907909997069,19.0,0.0,19,19,20176.0,0.0,20176,20176,5219.0,0.0,5219,5219,0.0,0.0,0.0,0.0,0.0,0.0,1.0
optimal_bfs_prune,/Users/tomaspinausig/code/SIA-TP1/levels/advanced_benchmark_levels.txt,Nivel 3 - Triangulo abierto,3,bfs,BFS,none,optimal,BFS (prune),10,10,0,0.1603796416999102,0.0328970060143509,0.1288417499999923,0.2502728749987,19.0,0.0,19,19,20176.0,0.0,20176,20176,7926.0,0.0,7926,7926,0.0,0.0,0.0,0.0,0.0,0.0,1.0
optimal_bfs_prune,/Users/tomaspinausig/code/SIA-TP1/levels/advanced_benchmark_levels.txt,Nivel 4 - Pasillo triple,4,a_star,A*,combined,optimal,"A* (combined, allow)",10,10,0,0.1240045458000167,0.0133106488072393,0.1118626660008885,0.1536235000003216,28.0,0.0,28,28,5167.0,0.0,5167,5167,1297.0,0.0,1297,1297,0.0,0.0,0.0,0.0,0.0,0.0,1.0
optimal_bfs_prune,/Users/tomaspinausig/code/SIA-TP1/levels/advanced_benchmark_levels.txt,Nivel 4 - Pasillo triple,4,a_star,A*,min_matching,optimal,"A* (min_matching, allow)",10,10,0,0.1842406334999395,0.0150416164229116,0.167726624998977,0.211490584000785,28.0,0.0,28,28,9959.0,0.0,9959,9959,2671.0,0.0,2671,2671,0.0,0.0,0.0,0.0,0.0,0.0,1.0
optimal_bfs_prune,/Users/tomaspinausig/code/SIA-TP1/levels/advanced_benchmark_levels.txt,Nivel 4 - Pasillo triple,4,a_star,A*,static_deadlock,optimal,"A* (static_deadlock, allow)",10,10,0,0.3447548915999505,0.0165628240795285,0.3145055000004504,0.3755281249996187,28.0,0.0,28,28,24466.0,0.0,24466,24466,4107.0,0.0,4107,4107,0.0,0.0,0.0,0.0,0.0,0.0,1.0
optimal_bfs_prune,/Users/tomaspinausig/code/SIA-TP1/levels/advanced_benchmark_levels.txt,Nivel 4 - Pasillo triple,4,bfs,BFS,none,optimal,BFS (prune),10,10,0,0.1860339250000834,0.0338475674067336,0.1485956659998919,0.2721377500001836,28.0,0.0,28,28,24466.0,0.0,24466,24466,5548.0,0.0,5548,5548,0.0,0.0,0.0,0.0,0.0,0.0,1.0
optimal_bfs_prune,/Users/tomaspinausig/code/SIA-TP1/levels/advanced_benchmark_levels.txt,Nivel 5 - Cruce angosto,5,a_star,A*,combined,optimal,"A* (combined, allow)",10,10,0,0.5051984915000503,0.0435432722420491,0.4427995000005467,0.5925052500006132,47.0,0.0,47,47,20108.0,0.0,20108,20108,908.0,0.0,908,908,3.0,0.0,0.0,0.0,3.0,0.0,1.0
optimal_bfs_prune,/Users/tomaspinausig/code/SIA-TP1/levels/advanced_benchmark_levels.txt,Nivel 5 - Cruce angosto,5,a_star,A*,min_matching,optimal,"A* (min_matching, allow)",10,10,0,2.144172649899883,0.3029152946839375,1.8633180830001947,2.9503585000002204,47.0,0.0,47,47,98244.0,0.0,98244,98244,7301.0,0.0,7301,7301,14.0,0.0,0.0,0.0,15.0,0.0,1.0
optimal_bfs_prune,/Users/tomaspinausig/code/SIA-TP1/levels/advanced_benchmark_levels.txt,Nivel 5 - Cruce angosto,5,a_star,A*,static_deadlock,optimal,"A* (static_deadlock, allow)",10,10,0,0.2925872580999566,0.0194458193437832,0.2627577910006948,0.3269868749994202,47.0,0.0,47,47,24945.0,0.0,24945,24945,373.0,0.0,373,373,0.0,0.0,0.0,0.0,0.0,0.0,1.0
optimal_bfs_prune,/Users/tomaspinausig/code/SIA-TP1/levels/advanced_benchmark_levels.txt,Nivel 5 - Cruce angosto,5,bfs,BFS,none,optimal,BFS (prune),10,10,0,0.1519622961001005,0.0141775552962019,0.1295927920000394,0.1787744160010334,47.0,0.0,47,47,24945.0,0.0,24945,24945,476.0,0.0,476,476,0.0,0.0,0.0,0.0,0.0,0.0,1.0
